location_id,date,temperature,humidity,precipitation,cloud_coverage
1,2024-01-01,4.8,78,0.1,86
1,2024-01-02,7.4,95,0.0,51
1,2024-01-03,15.5,70,0.0,57
1,2024-01-04,7.8,51,0.0,3
1,2024-01-05,3.6,70,0.0,85
1,2024-01-06,9.6,72,0.0,29
1,2024-01-07,11.3,52,0.0,48
1,2024-01-08,4.7,97,9.1,85
1,2024-01-09,11.2,95,0.0,10
1,2024-01-10,1.9,90,1.1,52
1,2024-01-11,9.8,76,0.0,42
1,2024-01-12,4.8,76,0.0,15
1,2024-01-13,12.2,93,0.0,83
1,2024-01-14,-0.7,65,0.0,20
1,2024-01-15,6.7,92,4.7,68
1,2024-01-16,9.5,71,7.5,81
1,2024-01-17,13.2,79,0.0,64
1,2024-01-18,3.3,84,0.0,84
1,2024-01-19,1.0,93,0.0,55
1,2024-01-20,9.0,70,0.0,29
1,2024-01-21,4.2,79,2.6,78
1,2024-01-22,9.2,68,0.0,13
1,2024-01-23,16.9,86,0.0,92
1,2024-01-24,6.7,79,0.0,85
1,2024-01-25,17.2,96,0.0,65
1,2024-01-26,21.5,77,0.0,94
1,2024-01-27,9.4,87,0.0,57
1,2024-01-28,8.7,77,0.0,94
1,2024-01-29,18.8,92,0.0,91
1,2024-01-30,5.7,78,0.0,40
1,2024-01-31,6.8,62,0.0,97
1,2024-02-01,-2.3,76,0.2,4
1,2024-02-02,4.8,93,7.1,43
1,2024-02-03,7.0,87,0.0,52
1,2024-02-04,8.1,88,2.1,29
1,2024-02-05,16.6,82,4.8,3
1,2024-02-06,16.0,65,0.0,44
1,2024-02-07,7.0,98,5.6,90
1,2024-02-08,4.2,70,0.7,36
1,2024-02-09,9.0,62,0.0,85
1,2024-02-10,3.9,53,7.3,69
1,2024-02-11,13.3,76,0.0,54
1,2024-02-12,10.6,68,8.3,23
1,2024-02-13,-2.9,91,0.0,54
1,2024-02-14,3.8,75,8.5,91
1,2024-02-15,6.3,88,0.0,13
1,2024-02-16,12.6,97,0.0,57
1,2024-02-17,8.0,87,2.6,70
1,2024-02-18,3.4,79,0.0,41
1,2024-02-19,10.6,65,0.0,28
1,2024-02-20,12.1,71,0.0,10
1,2024-02-21,3.8,61,0.0,87
1,2024-02-22,14.3,60,2.5,82
1,2024-02-23,13.4,71,0.0,57
1,2024-02-24,4.9,61,0.0,40
1,2024-02-25,4.8,81,8.6,1
1,2024-02-26,6.8,52,0.0,34
1,2024-02-27,14.7,77,0.0,20
1,2024-02-28,0.1,66,1.7,76
1,2024-02-29,12.8,73,7.6,77
1,2024-03-01,20.0,77,7.2,12
1,2024-03-02,22.1,97,2.2,91
1,2024-03-03,17.7,71,0.0,86
1,2024-03-04,21.5,56,0.0,69
1,2024-03-05,31.6,82,0.0,39
1,2024-03-06,27.8,56,0.0,47
1,2024-03-07,26.9,62,1.6,98
1,2024-03-08,24.6,56,0.0,79
1,2024-03-09,23.8,64,0.0,13
1,2024-03-10,19.7,85,0.0,66
1,2024-03-11,22.3,99,0.0,55
1,2024-03-12,24.1,51,0.0,80
1,2024-03-13,26.2,68,0.0,89
1,2024-03-14,13.7,99,7.8,48
1,2024-03-15,18.6,65,0.0,57
1,2024-03-16,18.1,51,0.0,25
1,2024-03-17,11.7,54,0.0,12
1,2024-03-18,21.3,94,0.0,81
1,2024-03-19,22.3,60,0.0,99
1,2024-03-20,34.3,73,0.0,64
1,2024-03-21,19.9,99,0.0,60
1,2024-03-22,21.8,66,3.1,67
1,2024-03-23,27.5,68,0.0,3
1,2024-03-24,21.8,61,0.0,61
1,2024-03-25,21.4,51,0.8,89
1,2024-03-26,19.5,74,0.0,10
1,2024-03-27,28.1,87,0.0,43
1,2024-03-28,29.0,62,0.0,5
1,2024-03-29,28.7,86,0.0,17
1,2024-03-30,19.0,61,8.4,57
1,2024-03-31,19.7,85,0.7,51
1,2024-04-01,18.8,85,0.0,75
1,2024-04-02,31.6,65,5.3,54
1,2024-04-03,28.8,81,0.0,45
1,2024-04-04,21.8,86,0.0,24
1,2024-04-05,24.8,55,0.0,31
1,2024-04-06,16.6,88,0.0,16
1,2024-04-07,24.3,62,5.8,18
1,2024-04-08,26.9,51,0.0,73
1,2024-04-09,28.7,70,7.8,39
1,2024-04-10,22.8,90,0.0,82
1,2024-04-11,30.6,96,0.0,30
1,2024-04-12,22.4,65,6.8,81
1,2024-04-13,25.5,66,0.0,87
1,2024-04-14,16.5,73,0.0,56
1,2024-04-15,21.6,68,0.0,96
1,2024-04-16,13.3,65,4.1,31
1,2024-04-17,18.2,75,0.0,55
1,2024-04-18,27.0,85,0.0,13
1,2024-04-19,25.3,96,2.0,55
1,2024-04-20,28.1,55,0.7,60
1,2024-04-21,25.1,95,0.0,63
1,2024-04-22,26.5,76,0.0,4
1,2024-04-23,27.1,53,0.0,40
1,2024-04-24,24.1,53,0.0,5
1,2024-04-25,23.5,83,0.0,54
1,2024-04-26,13.2,95,6.4,30
1,2024-04-27,16.2,50,0.0,43
1,2024-04-28,20.3,53,0.0,55
1,2024-04-29,25.2,61,0.0,43
1,2024-04-30,27.6,77,0.0,18
1,2024-05-01,24.0,62,0.0,10
1,2024-05-02,18.5,73,0.0,69
1,2024-05-03,28.3,89,2.1,71
1,2024-05-04,26.1,64,4.9,30
1,2024-05-05,28.6,50,6.2,35
1,2024-05-06,24.5,68,0.0,75
1,2024-05-07,25.3,93,0.0,82
1,2024-05-08,28.8,57,8.9,39
1,2024-05-09,15.7,61,0.0,44
1,2024-05-10,21.9,98,0.0,48
1,2024-05-11,34.5,82,0.0,59
1,2024-05-12,30.9,77,0.0,58
1,2024-05-13,18.5,84,8.5,62
1,2024-05-14,20.4,90,0.0,93
1,2024-05-15,23.8,56,0.0,44
1,2024-05-16,26.0,93,9.5,31
1,2024-05-17,25.7,52,0.0,50
1,2024-05-18,25.3,53,0.0,95
1,2024-05-19,27.9,94,0.0,37
1,2024-05-20,25.9,94,0.0,18
1,2024-05-21,21.2,90,0.0,15
1,2024-05-22,24.4,82,6.1,51
1,2024-05-23,18.7,88,0.0,28
1,2024-05-24,21.6,81,0.0,5
1,2024-05-25,20.2,69,0.0,95
1,2024-05-26,24.8,69,0.0,41
1,2024-05-27,30.4,88,0.0,75
1,2024-05-28,27.7,66,0.0,67
1,2024-05-29,30.2,54,0.0,50
1,2024-05-30,19.9,93,0.0,53
1,2024-05-31,22.7,59,3.4,72
2,2024-01-01,11.1,87,0.0,7
2,2024-01-02,9.5,87,2.8,22
2,2024-01-03,0.5,65,0.0,69
2,2024-01-04,13.3,50,0.0,32
2,2024-01-05,8.5,95,0.0,83
2,2024-01-06,8.9,86,3.0,95
2,2024-01-07,12.9,74,0.0,95
2,2024-01-08,3.4,83,0.0,50
2,2024-01-09,8.5,95,0.0,97
2,2024-01-10,13.2,57,0.0,56
2,2024-01-11,9.8,80,0.0,32
2,2024-01-12,-5.9,64,0.0,49
2,2024-01-13,5.4,64,0.0,95
2,2024-01-14,5.5,72,0.0,30
2,2024-01-15,5.9,80,0.0,11
2,2024-01-16,11.5,57,6.6,79
2,2024-01-17,11.2,79,0.0,59
2,2024-01-18,2.4,79,0.0,65
2,2024-01-19,10.3,88,0.0,45
2,2024-01-20,6.6,89,0.0,12
2,2024-01-21,21.6,93,0.0,40
2,2024-01-22,10.9,53,0.0,95
2,2024-01-23,4.4,62,0.0,6
2,2024-01-24,14.2,60,0.0,23
2,2024-01-25,11.1,91,0.0,71
2,2024-01-26,1.7,91,0.0,52
2,2024-01-27,5.0,76,2.4,26
2,2024-01-28,10.7,84,0.0,96
2,2024-01-29,0.9,97,0.0,32
2,2024-01-30,12.7,76,0.0,85
2,2024-01-31,3.9,54,0.0,83
2,2024-02-01,4.5,62,0.4,11
2,2024-02-02,11.4,77,0.0,66
2,2024-02-03,5.4,93,2.5,23
2,2024-02-04,14.2,68,0.0,65
2,2024-02-05,7.5,72,0.0,42
2,2024-02-06,8.6,59,2.7,65
2,2024-02-07,9.3,93,8.2,69
2,2024-02-08,10.5,51,0.0,77
2,2024-02-09,4.1,70,0.0,11
2,2024-02-10,4.6,97,0.0,30
2,2024-02-11,3.3,60,0.0,34
2,2024-02-12,-0.8,74,0.0,93
2,2024-02-13,1.3,80,0.0,18
2,2024-02-14,10.7,88,3.0,17
2,2024-02-15,19.6,95,0.0,70
2,2024-02-16,6.7,59,0.0,42
2,2024-02-17,12.5,98,0.0,92
2,2024-02-18,13.8,75,9.7,38
2,2024-02-19,-2.8,81,0.0,16
2,2024-02-20,0.5,54,0.0,49
2,2024-02-21,9.6,56,0.0,7
2,2024-02-22,10.5,56,9.4,16
2,2024-02-23,15.7,70,3.1,17
2,2024-02-24,7.8,79,0.0,4
2,2024-02-25,7.2,55,0.0,20
2,2024-02-26,-0.0,53,0.0,72
2,2024-02-27,2.6,74,9.1,92
2,2024-02-28,9.7,60,0.0,46
2,2024-02-29,8.5,50,7.2,91
2,2024-03-01,27.7,86,0.0,54
2,2024-03-02,20.4,66,0.0,54
2,2024-03-03,23.7,64,0.0,14
2,2024-03-04,25.1,93,0.0,79
2,2024-03-05,22.3,92,0.0,88
2,2024-03-06,21.9,92,0.0,25
2,2024-03-07,16.8,91,0.0,36
2,2024-03-08,19.8,58,0.0,12
2,2024-03-09,18.1,96,0.0,67
2,2024-03-10,20.2,63,0.0,91
2,2024-03-11,22.8,62,0.0,27
2,2024-03-12,13.3,69,7.6,71
2,2024-03-13,24.6,98,0.0,24
2,2024-03-14,25.2,61,0.0,19
2,2024-03-15,17.6,79,9.5,33
2,2024-03-16,25.5,99,0.2,61
2,2024-03-17,21.2,62,0.0,78
2,2024-03-18,24.4,52,6.3,70
2,2024-03-19,32.4,80,4.8,63
2,2024-03-20,17.5,82,3.3,30
2,2024-03-21,25.4,90,7.4,12
2,2024-03-22,23.2,93,0.0,76
2,2024-03-23,23.6,65,0.0,77
2,2024-03-24,26.5,78,0.0,11
2,2024-03-25,17.8,71,0.0,86
2,2024-03-26,24.9,88,10.0,95
2,2024-03-27,24.3,58,0.0,39
2,2024-03-28,20.6,54,0.0,85
2,2024-03-29,23.2,66,0.0,79
2,2024-03-30,21.5,64,0.0,8
2,2024-03-31,20.0,65,8.5,0
2,2024-04-01,21.9,90,0.0,84
2,2024-04-02,13.2,84,0.0,65
2,2024-04-03,21.9,91,0.0,80
2,2024-04-04,28.0,57,0.0,62
2,2024-04-05,27.9,93,0.0,73
2,2024-04-06,12.0,62,5.2,33
2,2024-04-07,32.3,59,0.0,44
2,2024-04-08,20.5,73,0.0,59
2,2024-04-09,30.7,52,0.0,57
2,2024-04-10,26.3,66,0.0,54
2,2024-04-11,20.7,98,0.0,59
2,2024-04-12,21.1,94,0.0,90
2,2024-04-13,28.3,74,0.0,24
2,2024-04-14,18.3,91,0.0,80
2,2024-04-15,20.4,69,0.0,1
2,2024-04-16,27.1,95,0.0,22
2,2024-04-17,24.8,51,0.0,89
2,2024-04-18,13.9,64,0.0,51
2,2024-04-19,20.7,85,0.0,75
2,2024-04-20,20.1,87,0.0,20
2,2024-04-21,25.5,73,0.0,31
2,2024-04-22,18.1,92,0.0,73
2,2024-04-23,27.5,56,0.0,59
2,2024-04-24,23.8,89,0.0,23
2,2024-04-25,26.7,78,0.1,33
2,2024-04-26,27.6,95,6.8,19
2,2024-04-27,18.6,82,0.0,62
2,2024-04-28,17.3,59,0.0,45
2,2024-04-29,21.9,74,0.0,78
2,2024-04-30,13.8,88,0.0,8
2,2024-05-01,20.1,77,0.0,99
2,2024-05-02,20.4,95,0.0,24
2,2024-05-03,16.2,74,0.0,66
2,2024-05-04,22.9,98,0.3,19
2,2024-05-05,11.2,98,0.0,51
2,2024-05-06,25.6,69,0.0,66
2,2024-05-07,19.9,67,0.0,47
2,2024-05-08,26.2,87,0.0,34
2,2024-05-09,25.3,74,0.0,33
2,2024-05-10,26.3,58,0.0,28
2,2024-05-11,17.3,67,0.0,51
2,2024-05-12,11.1,71,9.8,66
2,2024-05-13,24.9,59,0.0,33
2,2024-05-14,14.7,89,0.0,13
2,2024-05-15,36.6,83,3.6,69
2,2024-05-16,17.9,71,0.0,67
2,2024-05-17,19.1,57,0.0,68
2,2024-05-18,22.8,58,0.0,67
2,2024-05-19,21.8,82,0.0,9
2,2024-05-20,22.3,79,4.1,43
2,2024-05-21,32.2,98,0.0,11
2,2024-05-22,12.6,76,0.0,53
2,2024-05-23,26.2,87,0.0,53
2,2024-05-24,18.2,99,0.0,89
2,2024-05-25,24.5,77,0.0,9
2,2024-05-26,25.0,92,0.0,99
2,2024-05-27,29.7,53,0.0,45
2,2024-05-28,21.1,77,0.0,48
2,2024-05-29,32.5,50,2.7,84
2,2024-05-30,24.4,94,0.0,39
2,2024-05-31,18.9,67,0.0,25
3,2024-01-01,2.4,53,0.0,24
3,2024-01-02,2.5,77,0.0,90
3,2024-01-03,5.0,90,10.0,38
3,2024-01-04,12.2,92,0.0,47
3,2024-01-05,9.0,87,8.5,95
3,2024-01-06,12.9,94,0.0,84
3,2024-01-07,7.2,51,9.0,59
3,2024-01-08,6.5,81,0.0,11
3,2024-01-09,11.3,76,0.0,40
3,2024-01-10,10.1,77,0.0,17
3,2024-01-11,13.9,52,0.0,82
3,2024-01-12,12.6,97,0.0,23
3,2024-01-13,17.0,83,0.0,95
3,2024-01-14,18.0,57,0.0,52
3,2024-01-15,9.0,57,0.0,72
3,2024-01-16,12.5,72,0.0,74
3,2024-01-17,2.0,84,0.0,58
3,2024-01-18,8.6,80,0.0,26
3,2024-01-19,3.1,79,0.0,19
3,2024-01-20,13.0,92,0.0,51
3,2024-01-21,2.1,64,6.0,98
3,2024-01-22,8.5,71,0.0,13
3,2024-01-23,15.6,67,4.3,91
3,2024-01-24,8.9,85,0.0,15
3,2024-01-25,-2.9,91,0.0,87
3,2024-01-26,4.6,57,0.0,95
3,2024-01-27,9.6,60,0.0,16
3,2024-01-28,14.4,60,8.3,3
3,2024-01-29,7.1,59,0.0,33
3,2024-01-30,5.8,84,0.0,10
3,2024-01-31,13.3,80,0.0,91
3,2024-02-01,9.5,58,9.6,14
3,2024-02-02,13.0,68,0.0,98
3,2024-02-03,6.9,71,0.0,15
3,2024-02-04,13.3,61,9.4,93
3,2024-02-05,-1.6,91,0.0,16
3,2024-02-06,13.9,82,3.7,20
3,2024-02-07,11.0,53,0.0,85
3,2024-02-08,0.9,93,0.0,22
3,2024-02-09,9.1,90,0.0,57
3,2024-02-10,11.4,58,1.6,9
3,2024-02-11,10.1,58,3.7,87
3,2024-02-12,5.7,65,0.0,78
3,2024-02-13,4.6,92,0.0,5
3,2024-02-14,0.9,91,5.8,52
3,2024-02-15,15.2,92,1.8,21
3,2024-02-16,14.6,61,0.9,83
3,2024-02-17,10.0,88,6.2,83
3,2024-02-18,1.6,77,0.0,15
3,2024-02-19,2.5,84,0.0,25
3,2024-02-20,10.2,87,5.9,38
3,2024-02-21,21.6,66,3.3,8
3,2024-02-22,14.3,68,0.0,93
3,2024-02-23,-0.8,99,0.0,46
3,2024-02-24,13.6,94,0.0,23
3,2024-02-25,7.4,51,0.0,68
3,2024-02-26,6.6,61,0.0,31
3,2024-02-27,6.1,75,0.0,1
3,2024-02-28,7.5,82,0.0,20
3,2024-02-29,17.6,82,0.0,6
3,2024-03-01,27.4,51,0.0,44
3,2024-03-02,17.0,52,1.6,49
3,2024-03-03,18.5,65,0.0,28
3,2024-03-04,39.3,74,3.5,89
3,2024-03-05,21.1,70,9.7,23
3,2024-03-06,28.0,94,0.0,47
3,2024-03-07,17.0,57,5.0,6
3,2024-03-08,17.4,69,8.6,25
3,2024-03-09,19.6,68,8.0,51
3,2024-03-10,27.9,77,0.0,13
3,2024-03-11,27.6,88,7.0,44
3,2024-03-12,22.5,74,0.0,75
3,2024-03-13,24.1,66,7.2,99
3,2024-03-14,28.7,95,0.0,94
3,2024-03-15,12.6,56,0.0,65
3,2024-03-16,26.5,79,0.0,29
3,2024-03-17,26.8,61,0.0,4
3,2024-03-18,29.7,98,0.0,21
3,2024-03-19,30.6,57,8.8,36
3,2024-03-20,19.1,94,0.0,84
3,2024-03-21,24.5,78,1.7,93
3,2024-03-22,21.1,71,3.5,30
3,2024-03-23,14.1,67,0.0,45
3,2024-03-24,24.5,89,0.0,13
3,2024-03-25,18.2,80,0.0,58
3,2024-03-26,23.1,51,0.0,38
3,2024-03-27,21.0,65,3.1,86
3,2024-03-28,35.7,77,0.0,35
3,2024-03-29,28.8,90,0.0,36
3,2024-03-30,33.3,74,0.0,25
3,2024-03-31,23.0,65,0.0,0
3,2024-04-01,22.6,65,7.4,10
3,2024-04-02,21.6,85,0.0,70
3,2024-04-03,24.0,96,0.0,58
3,2024-04-04,31.0,59,4.1,37
3,2024-04-05,21.7,86,0.0,45
3,2024-04-06,24.4,93,0.0,66
3,2024-04-07,22.5,69,0.0,64
3,2024-04-08,27.6,91,9.9,60
3,2024-04-09,15.8,67,0.0,8
3,2024-04-10,28.7,64,6.3,73
3,2024-04-11,17.3,53,0.0,90
3,2024-04-12,20.1,79,0.0,87
3,2024-04-13,27.2,61,0.0,37
3,2024-04-14,20.1,87,5.4,41
3,2024-04-15,26.6,61,0.0,97
3,2024-04-16,24.4,63,8.3,94
3,2024-04-17,25.0,85,0.0,77
3,2024-04-18,26.5,95,0.0,24
3,2024-04-19,25.5,72,4.4,68
3,2024-04-20,35.0,98,0.0,51
3,2024-04-21,27.2,51,7.5,72
3,2024-04-22,18.3,52,0.0,53
3,2024-04-23,27.8,76,0.0,49
3,2024-04-24,15.3,83,0.0,97
3,2024-04-25,24.3,52,4.4,84
3,2024-04-26,11.7,56,10.0,5
3,2024-04-27,29.4,90,3.8,65
3,2024-04-28,28.3,86,7.0,18
3,2024-04-29,24.2,76,6.2,33
3,2024-04-30,18.5,77,0.0,44
3,2024-05-01,14.6,72,0.0,0
3,2024-05-02,17.5,65,0.0,66
3,2024-05-03,19.5,56,0.0,30
3,2024-05-04,17.8,83,3.9,55
3,2024-05-05,29.0,75,0.0,21
3,2024-05-06,26.1,78,0.0,35
3,2024-05-07,17.5,68,0.0,85
3,2024-05-08,17.8,60,0.0,2
3,2024-05-09,20.1,77,5.7,86
3,2024-05-10,20.8,82,0.0,68
3,2024-05-11,24.1,58,0.0,33
3,2024-05-12,19.2,59,9.1,41
3,2024-05-13,27.0,97,9.4,73
3,2024-05-14,32.6,50,0.0,4
3,2024-05-15,22.5,64,0.0,44
3,2024-05-16,26.4,69,0.0,74
3,2024-05-17,32.5,54,0.0,83
3,2024-05-18,32.3,72,0.0,41
3,2024-05-19,29.4,60,0.0,13
3,2024-05-20,21.7,98,0.0,49
3,2024-05-21,22.6,87,0.0,1
3,2024-05-22,23.8,83,0.0,97
3,2024-05-23,27.2,51,0.0,61
3,2024-05-24,23.6,54,3.5,81
3,2024-05-25,20.2,81,0.0,20
3,2024-05-26,23.2,68,0.0,76
3,2024-05-27,21.8,76,0.0,81
3,2024-05-28,16.2,89,0.0,26
3,2024-05-29,19.4,90,1.4,89
3,2024-05-30,34.9,90,1.3,3
3,2024-05-31,19.3,52,0.0,38
4,2024-01-01,15.0,79,0.0,3
4,2024-01-02,19.6,84,0.0,84
4,2024-01-03,3.7,58,6.5,70
4,2024-01-04,9.1,66,5.4,49
4,2024-01-05,14.4,75,0.0,69
4,2024-01-06,7.7,95,0.0,78
4,2024-01-07,17.3,87,1.3,82
4,2024-01-08,15.7,86,6.1,28
4,2024-01-09,10.4,70,0.0,50
4,2024-01-10,19.3,88,0.0,90
4,2024-01-11,15.1,93,0.0,64
4,2024-01-12,13.4,62,6.8,39
4,2024-01-13,7.9,50,0.0,28
4,2024-01-14,13.2,98,0.0,39
4,2024-01-15,16.8,97,1.6,34
4,2024-01-16,10.1,91,0.0,74
4,2024-01-17,8.5,54,0.0,96
4,2024-01-18,10.3,77,5.3,76
4,2024-01-19,8.9,91,8.0,12
4,2024-01-20,11.9,95,0.0,59
4,2024-01-21,15.4,50,0.0,40
4,2024-01-22,11.0,71,0.0,89
4,2024-01-23,12.9,95,6.1,65
4,2024-01-24,4.9,92,0.0,4
4,2024-01-25,18.2,96,4.1,67
4,2024-01-26,8.2,52,5.1,32
4,2024-01-27,12.8,69,0.0,94
4,2024-01-28,19.0,68,0.0,71
4,2024-01-29,12.7,55,0.0,66
4,2024-01-30,8.7,99,9.5,70
4,2024-01-31,15.1,70,0.0,62
4,2024-02-01,13.6,73,4.6,74
4,2024-02-02,20.5,51,0.9,83
4,2024-02-03,7.6,54,0.0,65
4,2024-02-04,16.4,79,0.0,5
4,2024-02-05,16.5,54,0.0,9
4,2024-02-06,2.7,93,0.0,2
4,2024-02-07,11.0,66,0.0,76
4,2024-02-08,11.4,72,8.8,94
4,2024-02-09,7.6,93,0.0,79
4,2024-02-10,13.9,94,0.0,5
4,2024-02-11,11.9,56,6.0,89
4,2024-02-12,3.5,59,0.0,99
4,2024-02-13,7.0,94,0.0,64
4,2024-02-14,0.5,86,0.0,74
4,2024-02-15,17.9,67,0.0,39
4,2024-02-16,13.0,79,0.0,73
4,2024-02-17,6.5,87,0.0,14
4,2024-02-18,16.8,87,0.0,27
4,2024-02-19,7.2,80,0.0,97
4,2024-02-20,12.4,86,0.0,86
4,2024-02-21,10.8,84,0.0,78
4,2024-02-22,12.8,51,0.0,75
4,2024-02-23,11.2,93,0.0,61
4,2024-02-24,12.4,69,3.0,23
4,2024-02-25,-2.7,56,0.0,21
4,2024-02-26,4.7,68,0.0,20
4,2024-02-27,8.0,63,0.0,21
4,2024-02-28,8.0,62,10.0,96
4,2024-02-29,6.5,65,0.0,34
4,2024-03-01,23.9,86,0.0,73
4,2024-03-02,31.3,68,0.0,5
4,2024-03-03,19.1,90,0.0,0
4,2024-03-04,23.2,77,0.0,65
4,2024-03-05,25.1,96,6.5,90
4,2024-03-06,33.4,58,3.8,35
4,2024-03-07,31.9,79,0.0,34
4,2024-03-08,29.9,94,0.0,33
4,2024-03-09,18.1,91,0.0,64
4,2024-03-10,26.5,88,0.0,89
4,2024-03-11,22.6,96,0.0,81
4,2024-03-12,25.8,63,6.7,64
4,2024-03-13,33.5,51,0.0,38
4,2024-03-14,24.9,93,0.0,43
4,2024-03-15,29.0,67,3.6,92
4,2024-03-16,19.3,76,4.2,57
4,2024-03-17,42.0,90,0.0,48
4,2024-03-18,26.1,81,0.0,61
4,2024-03-19,29.0,54,7.1,67
4,2024-03-20,19.7,73,0.0,81
4,2024-03-21,23.4,86,5.6,30
4,2024-03-22,31.8,54,0.0,47
4,2024-03-23,21.2,77,0.0,10
4,2024-03-24,30.1,76,6.6,56
4,2024-03-25,36.8,84,0.0,47
4,2024-03-26,30.2,80,0.0,44
4,2024-03-27,25.0,58,8.9,86
4,2024-03-28,31.6,53,0.0,96
4,2024-03-29,32.7,74,0.0,24
4,2024-03-30,24.5,70,0.0,29
4,2024-03-31,27.3,61,0.0,24
4,2024-04-01,20.4,87,0.0,80
4,2024-04-02,21.8,58,0.0,11
4,2024-04-03,34.4,72,0.0,0
4,2024-04-04,31.3,86,0.0,86
4,2024-04-05,40.5,76,0.0,38
4,2024-04-06,26.1,53,3.8,18
4,2024-04-07,25.9,65,0.0,37
4,2024-04-08,32.5,68,7.5,8
4,2024-04-09,25.2,69,0.0,81
4,2024-04-10,31.9,91,0.0,61
4,2024-04-11,26.6,68,0.0,69
4,2024-04-12,32.6,71,0.0,6
4,2024-04-13,23.5,79,3.2,8
4,2024-04-14,29.6,51,0.0,85
4,2024-04-15,34.8,71,0.0,46
4,2024-04-16,23.8,57,0.0,94
4,2024-04-17,26.5,64,0.0,91
4,2024-04-18,34.8,59,7.2,65
4,2024-04-19,22.7,82,0.0,87
4,2024-04-20,35.9,68,0.0,95
4,2024-04-21,19.8,68,4.6,4
4,2024-04-22,16.6,69,0.0,73
4,2024-04-23,23.9,93,0.0,69
4,2024-04-24,27.0,97,0.0,22
4,2024-04-25,29.5,86,0.0,19
4,2024-04-26,26.4,80,1.6,61
4,2024-04-27,27.5,72,0.0,17
4,2024-04-28,27.6,68,0.0,96
4,2024-04-29,23.1,76,0.0,82
4,2024-04-30,31.3,75,2.8,58
4,2024-05-01,22.4,85,0.0,10
4,2024-05-02,24.5,93,0.0,15
4,2024-05-03,29.8,90,0.0,73
4,2024-05-04,23.9,76,0.0,3
4,2024-05-05,37.0,86,0.0,38
4,2024-05-06,26.3,81,0.0,86
4,2024-05-07,31.5,62,2.4,76
4,2024-05-08,22.6,64,0.0,38
4,2024-05-09,30.7,65,0.0,54
4,2024-05-10,32.7,69,0.0,82
4,2024-05-11,13.0,69,3.5,43
4,2024-05-12,29.4,90,0.0,68
4,2024-05-13,31.8,68,3.3,81
4,2024-05-14,27.1,54,0.0,85
4,2024-05-15,39.4,59,8.9,21
4,2024-05-16,30.9,72,5.5,30
4,2024-05-17,35.7,82,0.0,61
4,2024-05-18,28.2,82,0.0,74
4,2024-05-19,21.2,96,0.0,55
4,2024-05-20,23.8,83,6.3,41
4,2024-05-21,20.0,98,0.0,35
4,2024-05-22,21.9,98,0.0,76
4,2024-05-23,22.2,54,0.0,55
4,2024-05-24,28.4,85,4.9,88
4,2024-05-25,28.8,62,2.4,81
4,2024-05-26,30.5,73,0.0,48
4,2024-05-27,28.2,66,0.0,63
4,2024-05-28,26.1,96,0.0,61
4,2024-05-29,25.2,94,0.0,37
4,2024-05-30,18.7,54,0.0,97
4,2024-05-31,31.5,73,8.9,81
5,2024-01-01,7.3,77,0.0,94
5,2024-01-02,15.7,82,0.0,55
5,2024-01-03,8.5,58,0.0,84
5,2024-01-04,7.8,94,4.1,97
5,2024-01-05,8.3,78,4.8,61
5,2024-01-06,14.9,78,0.0,12
5,2024-01-07,0.7,59,0.0,30
5,2024-01-08,8.3,88,0.0,55
5,2024-01-09,11.4,73,0.0,7
5,2024-01-10,12.2,52,0.0,86
5,2024-01-11,15.8,57,0.0,9
5,2024-01-12,6.9,82,0.0,70
5,2024-01-13,10.1,63,0.0,44
5,2024-01-14,17.7,50,0.0,83
5,2024-01-15,4.7,60,3.8,53
5,2024-01-16,8.9,93,4.7,80
5,2024-01-17,6.2,98,0.0,11
5,2024-01-18,11.8,57,0.0,13
5,2024-01-19,8.5,53,0.0,53
5,2024-01-20,5.9,62,0.0,81
5,2024-01-21,4.7,64,8.5,68
5,2024-01-22,8.7,69,0.0,73
5,2024-01-23,7.5,60,0.0,23
5,2024-01-24,14.9,83,0.0,93
5,2024-01-25,9.2,81,9.7,82
5,2024-01-26,8.6,63,0.0,93
5,2024-01-27,13.9,73,5.6,26
5,2024-01-28,15.0,68,0.0,33
5,2024-01-29,12.4,91,0.0,88
5,2024-01-30,7.3,95,0.0,85
5,2024-01-31,6.5,85,0.0,52
5,2024-02-01,13.2,55,0.0,42
5,2024-02-02,14.2,81,0.0,40
5,2024-02-03,17.7,79,0.0,71
5,2024-02-04,11.7,99,0.0,9
5,2024-02-05,14.8,74,0.0,36
5,2024-02-06,5.4,84,0.0,44
5,2024-02-07,10.3,61,9.2,56
5,2024-02-08,6.0,85,3.4,89
5,2024-02-09,12.5,59,0.6,20
5,2024-02-10,16.7,81,0.0,75
5,2024-02-11,10.6,73,1.9,78
5,2024-02-12,7.7,78,1.8,87
5,2024-02-13,11.3,66,0.0,82
5,2024-02-14,9.2,83,0.0,25
5,2024-02-15,7.7,67,0.0,46
5,2024-02-16,3.1,83,0.0,1
5,2024-02-17,10.6,57,8.8,15
5,2024-02-18,2.3,88,0.0,8
5,2024-02-19,13.3,89,0.0,31
5,2024-02-20,6.5,92,0.0,72
5,2024-02-21,9.2,56,0.0,96
5,2024-02-22,4.4,75,0.0,51
5,2024-02-23,10.5,98,0.0,80
5,2024-02-24,3.0,65,0.0,77
5,2024-02-25,13.1,63,0.0,32
5,2024-02-26,9.6,87,0.0,45
5,2024-02-27,15.9,87,0.0,3
5,2024-02-28,17.0,96,5.0,27
5,2024-02-29,13.7,83,0.0,29
5,2024-03-01,24.1,83,0.0,68
5,2024-03-02,24.6,72,0.0,78
5,2024-03-03,19.1,99,0.0,53
5,2024-03-04,24.7,78,0.0,67
5,2024-03-05,30.2,97,0.0,97
5,2024-03-06,25.3,60,0.0,99
5,2024-03-07,17.4,99,9.6,44
5,2024-03-08,21.4,70,0.0,95
5,2024-03-09,25.6,78,0.0,54
5,2024-03-10,35.4,62,0.0,19
5,2024-03-11,31.5,92,0.0,68
5,2024-03-12,24.6,79,0.0,85
5,2024-03-13,23.3,93,0.0,99
5,2024-03-14,26.6,60,2.2,10
5,2024-03-15,27.2,66,0.0,95
5,2024-03-16,30.3,98,6.9,89
5,2024-03-17,23.4,75,1.3,49
5,2024-03-18,15.1,94,9.5,11
5,2024-03-19,26.8,59,0.0,74
5,2024-03-20,22.0,54,0.0,34
5,2024-03-21,20.3,70,0.0,62
5,2024-03-22,31.6,79,8.9,66
5,2024-03-23,28.9,88,3.2,9
5,2024-03-24,28.7,51,0.0,38
5,2024-03-25,16.2,76,9.4,20
5,2024-03-26,25.5,92,0.0,6
5,2024-03-27,33.5,68,0.0,49
5,2024-03-28,30.2,67,0.0,9
5,2024-03-29,26.8,60,0.0,43
5,2024-03-30,21.3,78,0.0,63
5,2024-03-31,22.8,84,0.0,91
5,2024-04-01,24.6,97,0.0,92
5,2024-04-02,27.4,82,0.0,70
5,2024-04-03,30.6,88,0.0,43
5,2024-04-04,25.8,64,0.0,7
5,2024-04-05,14.8,59,0.0,43
5,2024-04-06,27.1,68,0.0,76
5,2024-04-07,24.7,51,0.0,74
5,2024-04-08,16.8,78,3.8,54
5,2024-04-09,38.0,70,0.0,26
5,2024-04-10,23.7,95,3.9,24
5,2024-04-11,22.5,51,0.0,51
5,2024-04-12,26.1,81,0.0,53
5,2024-04-13,19.1,84,1.2,19
5,2024-04-14,35.4,97,0.0,83
5,2024-04-15,19.4,86,0.0,89
5,2024-04-16,28.5,83,0.0,97
5,2024-04-17,27.5,78,7.2,49
5,2024-04-18,22.9,76,0.0,15
5,2024-04-19,24.2,62,0.0,18
5,2024-04-20,25.0,55,0.0,57
5,2024-04-21,33.4,97,4.6,37
5,2024-04-22,21.6,73,0.0,10
5,2024-04-23,25.5,75,0.0,81
5,2024-04-24,23.6,73,5.2,11
5,2024-04-25,28.6,84,0.0,53
5,2024-04-26,23.3,73,5.4,23
5,2024-04-27,33.8,66,7.2,3
5,2024-04-28,25.2,68,0.0,68
5,2024-04-29,28.2,51,0.0,93
5,2024-04-30,24.1,57,0.0,61
5,2024-05-01,29.7,98,0.0,36
5,2024-05-02,25.1,71,0.0,2
5,2024-05-03,33.7,67,0.0,99
5,2024-05-04,14.4,69,9.3,29
5,2024-05-05,26.6,90,0.0,9
5,2024-05-06,22.7,86,6.7,25
5,2024-05-07,20.2,76,0.0,52
5,2024-05-08,14.8,88,0.0,9
5,2024-05-09,27.7,79,0.0,88
5,2024-05-10,25.2,88,0.0,40
5,2024-05-11,26.2,95,0.0,90
5,2024-05-12,27.5,64,0.0,57
5,2024-05-13,33.2,90,0.0,56
5,2024-05-14,17.1,74,0.0,86
5,2024-05-15,28.2,97,0.0,2
5,2024-05-16,28.1,98,0.0,89
5,2024-05-17,30.6,95,0.0,50
5,2024-05-18,24.7,69,0.0,96
5,2024-05-19,22.6,82,0.0,0
5,2024-05-20,25.6,60,0.0,34
5,2024-05-21,23.8,91,0.0,94
5,2024-05-22,20.6,72,0.0,63
5,2024-05-23,19.3,79,0.0,38
5,2024-05-24,27.1,95,0.0,85
5,2024-05-25,26.0,95,0.0,40
5,2024-05-26,27.3,83,0.0,34
5,2024-05-27,27.5,67,5.6,62
5,2024-05-28,21.2,72,0.0,15
5,2024-05-29,23.1,99,0.0,66
5,2024-05-30,22.1,87,0.0,59
5,2024-05-31,33.3,50,0.0,79
6,2024-01-01,7.3,84,0.0,11
6,2024-01-02,13.2,88,0.0,78
6,2024-01-03,6.5,92,0.0,40
6,2024-01-04,11.2,93,1.2,59
6,2024-01-05,7.3,78,0.0,4
6,2024-01-06,5.4,81,0.0,97
6,2024-01-07,21.6,62,0.0,43
6,2024-01-08,9.1,54,2.7,23
6,2024-01-09,12.9,53,6.1,61
6,2024-01-10,13.4,77,1.8,86
6,2024-01-11,13.7,81,5.8,89
6,2024-01-12,2.9,59,9.8,96
6,2024-01-13,13.9,67,3.3,23
6,2024-01-14,10.9,55,5.7,95
6,2024-01-15,9.6,90,7.9,69
6,2024-01-16,17.7,55,0.0,5
6,2024-01-17,14.1,98,1.6,69
6,2024-01-18,16.0,94,0.0,7
6,2024-01-19,11.4,59,0.0,72
6,2024-01-20,12.9,81,0.0,30
6,2024-01-21,8.4,68,0.0,37
6,2024-01-22,8.3,53,0.0,1
6,2024-01-23,5.2,81,0.0,11
6,2024-01-24,6.6,62,0.0,76
6,2024-01-25,9.9,80,0.0,89
6,2024-01-26,5.5,75,0.0,26
6,2024-01-27,10.5,59,0.0,20
6,2024-01-28,15.8,54,0.0,73
6,2024-01-29,10.6,59,0.0,45
6,2024-01-30,11.7,78,3.8,7
6,2024-01-31,10.5,91,7.2,15
6,2024-02-01,12.0,76,0.0,24
6,2024-02-02,24.7,93,0.0,21
6,2024-02-03,13.2,82,7.0,33
6,2024-02-04,21.4,53,0.0,11
6,2024-02-05,20.8,70,0.0,27
6,2024-02-06,1.9,95,0.0,60
6,2024-02-07,16.9,74,5.9,99
6,2024-02-08,10.3,75,3.3,52
6,2024-02-09,6.1,81,0.0,71
6,2024-02-10,19.6,96,0.0,59
6,2024-02-11,9.4,94,0.0,5
6,2024-02-12,8.8,98,1.3,63
6,2024-02-13,16.7,59,0.0,68
6,2024-02-14,10.4,65,5.7,94
6,2024-02-15,13.1,67,0.0,51
6,2024-02-16,14.3,87,3.9,46
6,2024-02-17,16.4,62,0.0,2
6,2024-02-18,3.7,59,0.0,48
6,2024-02-19,4.2,74,0.0,9
6,2024-02-20,7.2,83,6.8,69
6,2024-02-21,6.8,66,0.0,70
6,2024-02-22,4.1,86,0.0,7
6,2024-02-23,8.7,70,0.0,8
6,2024-02-24,16.9,71,0.0,14
6,2024-02-25,18.5,71,0.0,17
6,2024-02-26,16.8,68,0.0,84
6,2024-02-27,12.2,74,0.0,89
6,2024-02-28,18.1,78,9.1,6
6,2024-02-29,16.3,75,0.0,16
6,2024-03-01,30.2,66,0.0,97
6,2024-03-02,21.5,82,0.0,25
6,2024-03-03,22.4,52,0.0,32
6,2024-03-04,33.8,94,6.5,33
6,2024-03-05,25.6,87,0.0,98
6,2024-03-06,20.8,59,0.0,75
6,2024-03-07,29.6,54,0.0,43
6,2024-03-08,20.5,65,0.0,44
6,2024-03-09,31.6,68,0.0,96
6,2024-03-10,23.9,74,0.0,10
6,2024-03-11,25.7,84,0.0,68
6,2024-03-12,25.1,80,0.0,53
6,2024-03-13,29.1,81,0.0,96
6,2024-03-14,22.2,69,0.0,8
6,2024-03-15,28.6,79,0.0,9
6,2024-03-16,32.8,60,0.0,52
6,2024-03-17,18.0,82,0.0,40
6,2024-03-18,30.4,80,0.0,8
6,2024-03-19,31.1,86,0.0,52
6,2024-03-20,35.1,65,0.0,53
6,2024-03-21,34.3,78,1.7,56
6,2024-03-22,26.4,75,0.0,18
6,2024-03-23,37.2,78,0.0,70
6,2024-03-24,34.3,67,6.4,48
6,2024-03-25,14.9,78,0.0,8
6,2024-03-26,29.3,69,4.4,3
6,2024-03-27,24.9,64,0.0,47
6,2024-03-28,32.3,72,0.0,79
6,2024-03-29,31.5,74,0.0,93
6,2024-03-30,23.2,73,0.0,93
6,2024-03-31,24.3,70,0.0,94
6,2024-04-01,25.5,89,0.0,94
6,2024-04-02,31.2,59,6.1,24
6,2024-04-03,23.8,80,0.8,90
6,2024-04-04,21.3,67,7.6,33
6,2024-04-05,29.4,53,0.0,47
6,2024-04-06,31.9,87,0.0,99
6,2024-04-07,32.2,60,0.0,99
6,2024-04-08,23.2,93,0.0,96
6,2024-04-09,29.2,99,0.0,73
6,2024-04-10,25.2,54,0.0,96
6,2024-04-11,23.3,74,5.8,56
6,2024-04-12,27.0,50,0.0,83
6,2024-04-13,16.1,76,7.1,27
6,2024-04-14,25.8,95,0.0,93
6,2024-04-15,34.9,76,8.5,70
6,2024-04-16,29.3,97,0.0,88
6,2024-04-17,30.8,86,0.0,28
6,2024-04-18,18.6,85,0.0,31
6,2024-04-19,31.0,83,6.5,74
6,2024-04-20,35.8,55,4.2,34
6,2024-04-21,29.4,84,0.7,66
6,2024-04-22,30.0,73,0.0,31
6,2024-04-23,28.4,65,5.9,64
6,2024-04-24,33.0,60,0.0,6
6,2024-04-25,29.7,83,0.0,27
6,2024-04-26,21.0,70,0.0,6
6,2024-04-27,29.2,59,0.0,85
6,2024-04-28,32.5,79,0.0,72
6,2024-04-29,19.7,94,0.0,92
6,2024-04-30,28.5,81,0.0,59
6,2024-05-01,30.0,57,8.2,88
6,2024-05-02,30.5,68,0.0,70
6,2024-05-03,13.6,79,9.7,17
6,2024-05-04,20.9,97,0.0,57
6,2024-05-05,32.1,56,2.7,12
6,2024-05-06,22.3,75,1.3,33
6,2024-05-07,26.6,92,0.0,76
6,2024-05-08,29.8,59,0.0,44
6,2024-05-09,26.4,67,0.0,34
6,2024-05-10,27.9,57,7.8,95
6,2024-05-11,29.9,87,0.0,28
6,2024-05-12,28.8,99,0.0,9
6,2024-05-13,29.9,82,0.0,82
6,2024-05-14,20.3,73,0.0,3
6,2024-05-15,31.9,80,0.0,91
6,2024-05-16,29.9,58,4.6,77
6,2024-05-17,28.3,89,0.0,67
6,2024-05-18,27.9,77,0.0,78
6,2024-05-19,14.3,50,0.0,7
6,2024-05-20,24.2,90,4.5,81
6,2024-05-21,30.0,63,0.0,95
6,2024-05-22,28.9,78,0.0,48
6,2024-05-23,22.1,66,0.0,83
6,2024-05-24,36.2,60,0.0,69
6,2024-05-25,23.7,76,5.3,79
6,2024-05-26,21.9,87,2.6,51
6,2024-05-27,22.3,84,0.0,54
6,2024-05-28,25.2,99,0.0,71
6,2024-05-29,27.0,74,0.0,82
6,2024-05-30,23.5,97,6.6,84
6,2024-05-31,17.5,89,0.0,32
7,2024-01-01,12.0,80,0.0,58
7,2024-01-02,10.8,75,3.1,12
7,2024-01-03,5.1,62,0.0,59
7,2024-01-04,8.0,78,0.0,88
7,2024-01-05,10.1,74,0.0,58
7,2024-01-06,4.3,72,0.0,46
7,2024-01-07,15.3,97,0.0,15
7,2024-01-08,8.9,65,0.0,46
7,2024-01-09,12.6,71,0.0,85
7,2024-01-10,3.8,56,0.2,73
7,2024-01-11,3.2,62,0.0,90
7,2024-01-12,10.8,88,8.4,8
7,2024-01-13,7.4,67,0.0,55
7,2024-01-14,4.1,91,0.0,10
7,2024-01-15,2.9,83,0.0,8
7,2024-01-16,3.7,55,0.0,43
7,2024-01-17,9.8,62,0.0,7
7,2024-01-18,7.7,56,0.4,77
7,2024-01-19,11.6,93,0.0,63
7,2024-01-20,5.1,71,0.0,19
7,2024-01-21,3.6,79,0.0,19
7,2024-01-22,6.8,78,9.6,29
7,2024-01-23,4.9,59,0.0,70
7,2024-01-24,20.1,86,8.7,41
7,2024-01-25,11.7,50,0.0,40
7,2024-01-26,2.5,74,0.0,90
7,2024-01-27,5.3,96,0.0,90
7,2024-01-28,4.0,67,0.0,85
7,2024-01-29,8.6,79,3.4,46
7,2024-01-30,6.9,83,0.0,36
7,2024-01-31,11.1,87,0.0,26
7,2024-02-01,9.9,72,8.9,10
7,2024-02-02,4.9,68,7.1,95
7,2024-02-03,3.2,86,0.0,76
7,2024-02-04,13.5,57,7.4,36
7,2024-02-05,8.2,70,0.0,28
7,2024-02-06,10.1,52,4.7,10
7,2024-02-07,13.7,89,2.1,59
7,2024-02-08,8.8,74,0.0,89
7,2024-02-09,8.9,74,0.0,25
7,2024-02-10,11.2,97,5.6,84
7,2024-02-11,9.2,98,3.5,89
7,2024-02-12,3.3,51,0.0,34
7,2024-02-13,5.2,69,0.0,81
7,2024-02-14,6.4,83,0.0,47
7,2024-02-15,18.8,59,0.0,28
7,2024-02-16,2.8,92,2.4,27
7,2024-02-17,8.2,61,0.0,55
7,2024-02-18,8.4,73,0.0,27
7,2024-02-19,7.1,79,2.9,48
7,2024-02-20,7.9,55,0.0,8
7,2024-02-21,5.6,73,0.0,39
7,2024-02-22,7.8,65,0.6,13
7,2024-02-23,7.6,52,0.0,25
7,2024-02-24,13.1,52,0.0,85
7,2024-02-25,7.2,66,0.0,79
7,2024-02-26,15.5,85,0.0,95
7,2024-02-27,-1.8,63,0.0,95
7,2024-02-28,17.2,81,0.0,84
7,2024-02-29,13.6,88,0.9,22
7,2024-03-01,16.8,62,0.0,29
7,2024-03-02,27.8,62,0.0,15
7,2024-03-03,31.6,77,0.0,30
7,2024-03-04,23.8,82,0.0,13
7,2024-03-05,23.0,63,0.0,64
7,2024-03-06,25.6,90,4.6,40
7,2024-03-07,22.7,57,0.0,98
7,2024-03-08,21.0,51,0.0,80
7,2024-03-09,23.2,79,2.3,33
7,2024-03-10,24.4,85,0.0,41
7,2024-03-11,24.8,62,7.9,66
7,2024-03-12,16.8,76,0.0,45
7,2024-03-13,23.3,57,0.0,38
7,2024-03-14,22.6,91,0.0,57
7,2024-03-15,23.6,69,6.1,65
7,2024-03-16,19.3,66,0.0,20
7,2024-03-17,27.6,93,6.1,17
7,2024-03-18,23.1,58,0.0,34
7,2024-03-19,25.0,75,0.0,44
7,2024-03-20,12.6,52,0.0,12
7,2024-03-21,24.5,71,0.0,69
7,2024-03-22,20.3,73,0.0,58
7,2024-03-23,28.2,84,0.0,15
7,2024-03-24,22.4,71,0.0,18
7,2024-03-25,21.9,65,0.0,73
7,2024-03-26,21.4,55,0.0,2
7,2024-03-27,19.6,60,0.0,15
7,2024-03-28,29.8,76,0.0,72
7,2024-03-29,23.6,91,0.0,44
7,2024-03-30,21.1,72,0.0,94
7,2024-03-31,26.0,79,6.5,56
7,2024-04-01,29.0,93,0.5,73
7,2024-04-02,21.8,66,0.0,94
7,2024-04-03,22.4,65,1.9,46
7,2024-04-04,29.7,61,4.8,75
7,2024-04-05,29.2,82,0.0,15
7,2024-04-06,24.4,90,0.0,28
7,2024-04-07,22.7,88,0.0,81
7,2024-04-08,12.7,95,0.0,78
7,2024-04-09,22.8,72,0.0,82
7,2024-04-10,30.5,92,0.0,59
7,2024-04-11,24.5,92,0.0,75
7,2024-04-12,21.3,68,0.0,24
7,2024-04-13,27.4,75,0.0,54
7,2024-04-14,18.4,65,0.0,19
7,2024-04-15,26.4,97,0.0,75
7,2024-04-16,26.4,53,0.0,23
7,2024-04-17,27.9,58,0.0,46
7,2024-04-18,15.0,92,0.0,11
7,2024-04-19,28.1,77,8.4,7
7,2024-04-20,21.9,80,0.0,63
7,2024-04-21,20.2,93,0.0,96
7,2024-04-22,22.7,81,0.0,72
7,2024-04-23,33.4,66,0.0,2
7,2024-04-24,21.6,59,0.0,99
7,2024-04-25,34.6,75,0.0,12
7,2024-04-26,14.0,54,4.6,57
7,2024-04-27,19.4,85,0.0,2
7,2024-04-28,21.7,77,1.5,9
7,2024-04-29,23.5,54,0.0,10
7,2024-04-30,16.6,60,0.0,53
7,2024-05-01,21.2,90,0.0,19
7,2024-05-02,23.0,69,6.7,1
7,2024-05-03,22.8,67,0.0,31
7,2024-05-04,26.6,97,0.0,14
7,2024-05-05,17.8,74,0.0,62
7,2024-05-06,18.9,91,0.0,18
7,2024-05-07,20.0,84,0.0,62
7,2024-05-08,19.1,87,0.0,90
7,2024-05-09,15.4,52,0.0,19
7,2024-05-10,29.5,91,8.7,20
7,2024-05-11,22.1,75,0.0,59
7,2024-05-12,17.2,99,0.0,18
7,2024-05-13,20.2,76,4.2,40
7,2024-05-14,23.1,85,0.0,11
7,2024-05-15,21.8,66,0.0,39
7,2024-05-16,17.9,99,8.3,99
7,2024-05-17,26.4,87,0.0,99
7,2024-05-18,26.2,81,0.0,51
7,2024-05-19,18.3,73,6.8,38
7,2024-05-20,23.6,86,6.9,7
7,2024-05-21,28.7,59,0.0,47
7,2024-05-22,22.7,98,0.0,2
7,2024-05-23,27.5,52,0.0,40
7,2024-05-24,26.7,82,0.0,96
7,2024-05-25,20.7,96,0.0,70
7,2024-05-26,16.8,61,3.5,57
7,2024-05-27,24.9,70,0.0,3
7,2024-05-28,20.1,67,0.0,79
7,2024-05-29,20.9,67,0.0,14
7,2024-05-30,20.3,51,0.0,65
7,2024-05-31,21.2,99,6.6,50
8,2024-01-01,-7.6,67,7.4,41
8,2024-01-02,-2.3,95,0.0,63
8,2024-01-03,3.3,67,5.3,78
8,2024-01-04,-1.7,70,0.0,68
8,2024-01-05,-1.7,99,1.9,52
8,2024-01-06,-1.9,50,0.0,38
8,2024-01-07,1.2,63,0.0,44
8,2024-01-08,5.9,65,1.0,33
8,2024-01-09,-9.6,50,0.0,27
8,2024-01-10,10.1,65,0.0,82
8,2024-01-11,2.9,79,1.0,88
8,2024-01-12,-1.4,97,0.0,32
8,2024-01-13,0.6,64,0.0,10
8,2024-01-14,0.3,75,8.9,5
8,2024-01-15,5.9,90,4.4,71
8,2024-01-16,7.1,98,9.5,32
8,2024-01-17,-6.1,61,0.0,42
8,2024-01-18,-2.2,84,4.4,39
8,2024-01-19,2.0,96,0.0,45
8,2024-01-20,-3.3,60,0.0,71
8,2024-01-21,-3.0,95,0.0,98
8,2024-01-22,-0.3,71,0.0,27
8,2024-01-23,-0.3,94,0.0,52
8,2024-01-24,-3.5,55,7.2,16
8,2024-01-25,3.9,68,0.0,26
8,2024-01-26,3.4,68,2.2,16
8,2024-01-27,-6.6,86,0.0,16
8,2024-01-28,-2.3,88,0.0,68
8,2024-01-29,-0.5,71,0.0,15
8,2024-01-30,0.2,92,0.0,64
8,2024-01-31,5.7,97,0.0,88
8,2024-02-01,-0.9,87,0.0,68
8,2024-02-02,-10.2,64,0.0,62
8,2024-02-03,-2.8,71,0.0,39
8,2024-02-04,9.3,58,0.0,28
8,2024-02-05,-0.6,90,0.0,4
8,2024-02-06,8.3,71,0.0,83
8,2024-02-07,9.2,83,0.0,20
8,2024-02-08,-8.4,80,0.0,21
8,2024-02-09,-0.7,94,0.0,76
8,2024-02-10,2.3,87,0.0,22
8,2024-02-11,-1.4,78,0.0,41
8,2024-02-12,-7.8,61,1.9,15
8,2024-02-13,4.7,75,8.9,95
8,2024-02-14,5.3,64,1.1,16
8,2024-02-15,-4.8,84,0.0,72
8,2024-02-16,2.6,77,0.0,3
8,2024-02-17,11.7,64,0.9,42
8,2024-02-18,0.2,76,7.6,74
8,2024-02-19,-11.7,98,0.0,26
8,2024-02-20,-2.2,83,5.7,72
8,2024-02-21,1.4,81,0.0,96
8,2024-02-22,3.6,72,2.3,94
8,2024-02-23,10.0,68,9.9,96
8,2024-02-24,8.0,77,0.0,56
8,2024-02-25,3.3,69,0.0,78
8,2024-02-26,7.2,62,0.0,36
8,2024-02-27,0.2,79,0.0,24
8,2024-02-28,4.4,73,0.0,79
8,2024-02-29,5.6,58,0.0,21
8,2024-03-01,26.2,68,0.0,95
8,2024-03-02,11.4,69,3.7,58
8,2024-03-03,24.5,89,0.0,24
8,2024-03-04,13.5,54,0.3,59
8,2024-03-05,14.5,75,0.0,22
8,2024-03-06,17.9,82,0.0,69
8,2024-03-07,14.3,99,0.4,17
8,2024-03-08,23.4,99,9.5,12
8,2024-03-09,14.8,71,0.0,49
8,2024-03-10,12.0,98,0.0,6
8,2024-03-11,17.4,88,5.4,44
8,2024-03-12,19.3,87,4.2,95
8,2024-03-13,18.9,55,0.0,6
8,2024-03-14,17.1,87,6.7,91
8,2024-03-15,16.4,83,0.0,96
8,2024-03-16,17.0,51,0.0,19
8,2024-03-17,12.3,53,0.0,22
8,2024-03-18,14.3,73,0.0,38
8,2024-03-19,12.2,98,1.0,74
8,2024-03-20,12.5,83,2.5,23
8,2024-03-21,22.0,83,0.0,74
8,2024-03-22,7.9,87,0.0,92
8,2024-03-23,20.8,93,0.0,1
8,2024-03-24,17.0,80,0.0,23
8,2024-03-25,16.8,98,3.7,70
8,2024-03-26,23.8,52,0.0,83
8,2024-03-27,23.8,75,0.0,39
8,2024-03-28,25.1,76,0.0,22
8,2024-03-29,18.0,61,5.5,80
8,2024-03-30,7.6,69,9.3,90
8,2024-03-31,10.5,59,0.0,95
8,2024-04-01,16.6,55,0.0,16
8,2024-04-02,18.7,80,0.0,71
8,2024-04-03,19.4,71,1.2,31
8,2024-04-04,7.8,64,9.5,60
8,2024-04-05,12.9,58,0.0,5
8,2024-04-06,11.1,81,0.0,87
8,2024-04-07,23.2,53,0.0,67
8,2024-04-08,6.9,63,0.0,4
8,2024-04-09,15.1,74,5.1,49
8,2024-04-10,15.4,71,0.0,76
8,2024-04-11,14.9,50,6.5,78
8,2024-04-12,15.0,65,0.0,61
8,2024-04-13,16.2,95,0.0,35
8,2024-04-14,20.4,50,2.4,24
8,2024-04-15,20.5,62,0.0,13
8,2024-04-16,18.6,60,6.8,74
8,2024-04-17,13.6,79,0.0,27
8,2024-04-18,14.0,88,0.0,92
8,2024-04-19,15.8,99,0.0,32
8,2024-04-20,21.6,56,0.0,55
8,2024-04-21,14.9,85,9.7,51
8,2024-04-22,18.6,50,0.0,32
8,2024-04-23,11.8,78,5.1,78
8,2024-04-24,20.2,92,0.0,21
8,2024-04-25,23.6,96,0.0,72
8,2024-04-26,16.6,67,1.9,7
8,2024-04-27,15.8,78,0.0,9
8,2024-04-28,15.6,79,0.0,23
8,2024-04-29,20.1,75,0.0,95
8,2024-04-30,17.1,65,0.0,76
8,2024-05-01,16.0,56,0.0,6
8,2024-05-02,17.4,53,0.0,27
8,2024-05-03,11.5,67,0.0,20
8,2024-05-04,21.7,52,0.0,0
8,2024-05-05,21.4,57,0.0,3
8,2024-05-06,10.7,71,0.0,41
8,2024-05-07,18.8,90,0.0,99
8,2024-05-08,21.9,88,6.2,12
8,2024-05-09,12.8,98,2.7,4
8,2024-05-10,18.2,63,0.0,84
8,2024-05-11,17.0,63,8.2,67
8,2024-05-12,18.6,61,7.6,65
8,2024-05-13,14.0,99,0.0,14
8,2024-05-14,17.8,92,0.0,5
8,2024-05-15,17.3,74,0.0,42
8,2024-05-16,13.6,88,0.0,63
8,2024-05-17,10.5,60,0.0,39
8,2024-05-18,25.0,82,0.0,16
8,2024-05-19,20.3,64,0.0,88
8,2024-05-20,25.9,70,0.0,20
8,2024-05-21,10.5,68,7.3,35
8,2024-05-22,7.6,95,0.0,78
8,2024-05-23,10.5,80,1.6,55
8,2024-05-24,9.4,63,6.5,46
8,2024-05-25,23.2,84,8.6,28
8,2024-05-26,19.5,74,0.0,45
8,2024-05-27,15.2,97,9.5,73
8,2024-05-28,13.1,82,0.4,38
8,2024-05-29,9.1,91,7.6,43
8,2024-05-30,12.5,70,0.0,2
8,2024-05-31,11.1,60,0.0,50
9,2024-01-01,-3.4,51,6.3,3
9,2024-01-02,2.4,70,2.7,58
9,2024-01-03,0.4,88,3.6,30
9,2024-01-04,2.1,58,0.0,48
9,2024-01-05,8.3,76,5.5,93
9,2024-01-06,-1.2,74,0.0,89
9,2024-01-07,3.0,57,6.6,4
9,2024-01-08,-7.3,59,2.5,11
9,2024-01-09,-3.4,91,7.9,12
9,2024-01-10,-0.8,85,0.0,76
9,2024-01-11,3.2,99,0.0,50
9,2024-01-12,-3.8,64,9.1,89
9,2024-01-13,3.4,89,0.0,15
9,2024-01-14,-5.7,93,0.0,46
9,2024-01-15,-2.6,68,8.1,4
9,2024-01-16,3.4,62,0.0,2
9,2024-01-17,3.4,55,3.1,11
9,2024-01-18,12.1,52,0.0,26
9,2024-01-19,11.3,52,0.0,99
9,2024-01-20,3.4,52,0.0,54
9,2024-01-21,0.6,69,7.1,36
9,2024-01-22,-5.3,82,0.0,40
9,2024-01-23,-10.6,66,0.0,69
9,2024-01-24,4.1,65,0.0,95
9,2024-01-25,0.6,65,0.0,63
9,2024-01-26,-0.6,86,0.0,81
9,2024-01-27,-4.1,61,0.0,90
9,2024-01-28,-6.5,54,0.0,7
9,2024-01-29,1.2,88,7.7,57
9,2024-01-30,0.8,56,0.0,5
9,2024-01-31,2.3,54,0.0,53
9,2024-02-01,-3.3,87,9.1,79
9,2024-02-02,5.7,87,0.0,67
9,2024-02-03,-0.4,71,1.2,69
9,2024-02-04,5.7,74,0.0,43
9,2024-02-05,-2.5,77,0.0,15
9,2024-02-06,-7.8,66,0.0,46
9,2024-02-07,-6.7,80,0.0,44
9,2024-02-08,-0.7,60,0.0,97
9,2024-02-09,-7.5,61,0.0,1
9,2024-02-10,-0.9,83,0.0,47
9,2024-02-11,-3.0,57,0.0,48
9,2024-02-12,-5.9,93,2.2,25
9,2024-02-13,6.8,55,0.0,21
9,2024-02-14,2.7,70,0.0,83
9,2024-02-15,-3.8,88,0.0,44
9,2024-02-16,13.3,65,1.5,67
9,2024-02-17,-0.7,70,8.4,97
9,2024-02-18,8.9,69,0.0,28
9,2024-02-19,5.8,77,0.0,42
9,2024-02-20,-0.4,97,0.0,38
9,2024-02-21,1.4,85,2.8,99
9,2024-02-22,1.3,60,2.1,68
9,2024-02-23,1.8,55,0.0,76
9,2024-02-24,1.1,99,0.0,30
9,2024-02-25,-4.2,64,0.0,26
9,2024-02-26,-3.0,82,0.0,25
9,2024-02-27,3.6,97,0.0,43
9,2024-02-28,1.3,79,9.0,47
9,2024-02-29,-7.6,74,0.0,35
9,2024-03-01,9.6,93,3.7,10
9,2024-03-02,21.1,67,0.0,4
9,2024-03-03,13.9,60,0.0,30
9,2024-03-04,18.1,50,0.0,31
9,2024-03-05,15.0,59,0.0,16
9,2024-03-06,14.5,55,9.6,33
9,2024-03-07,15.7,57,0.0,30
9,2024-03-08,13.3,54,0.0,43
9,2024-03-09,17.7,55,2.8,44
9,2024-03-10,17.9,88,0.0,2
9,2024-03-11,10.7,62,0.0,19
9,2024-03-12,5.9,88,0.0,15
9,2024-03-13,11.8,80,4.0,32
9,2024-03-14,14.4,90,0.0,4
9,2024-03-15,13.5,98,0.0,37
9,2024-03-16,11.8,62,0.0,44
9,2024-03-17,25.5,60,0.0,4
9,2024-03-18,11.3,96,0.0,33
9,2024-03-19,18.3,75,0.0,11
9,2024-03-20,16.4,86,8.4,6
9,2024-03-21,11.6,51,0.0,26
9,2024-03-22,15.1,57,0.0,41
9,2024-03-23,24.1,64,0.0,37
9,2024-03-24,14.1,88,0.0,76
9,2024-03-25,0.1,95,0.0,9
9,2024-03-26,6.9,65,0.0,95
9,2024-03-27,23.2,62,0.0,31
9,2024-03-28,18.7,69,0.0,31
9,2024-03-29,11.8,99,0.0,43
9,2024-03-30,11.9,86,0.0,25
9,2024-03-31,10.8,51,2.4,78
9,2024-04-01,10.3,98,0.0,95
9,2024-04-02,14.9,60,0.0,20
9,2024-04-03,21.4,60,9.6,76
9,2024-04-04,10.5,76,0.0,31
9,2024-04-05,4.8,83,0.0,12
9,2024-04-06,19.5,86,0.0,53
9,2024-04-07,19.3,68,0.0,70
9,2024-04-08,12.6,70,9.0,74
9,2024-04-09,10.6,57,0.0,19
9,2024-04-10,20.3,87,0.0,97
9,2024-04-11,15.0,58,3.5,30
9,2024-04-12,11.8,76,7.7,1
9,2024-04-13,11.0,80,4.6,47
9,2024-04-14,13.3,96,0.0,14
9,2024-04-15,11.2,93,0.0,95
9,2024-04-16,12.2,66,0.0,73
9,2024-04-17,8.2,89,0.0,89
9,2024-04-18,18.9,97,0.0,61
9,2024-04-19,18.5,76,0.0,3
9,2024-04-20,11.3,99,0.0,0
9,2024-04-21,17.4,78,7.9,75
9,2024-04-22,18.1,50,0.0,35
9,2024-04-23,18.2,72,0.0,96
9,2024-04-24,8.9,84,0.0,80
9,2024-04-25,16.5,73,0.0,32
9,2024-04-26,10.8,66,2.1,83
9,2024-04-27,13.8,81,0.0,6
9,2024-04-28,23.9,68,3.7,94
9,2024-04-29,18.0,79,9.1,53
9,2024-04-30,15.3,59,0.0,24
9,2024-05-01,17.6,54,1.0,71
9,2024-05-02,16.3,68,0.0,37
9,2024-05-03,12.2,71,0.0,51
9,2024-05-04,6.2,96,8.0,44
9,2024-05-05,6.4,53,0.0,16
9,2024-05-06,14.7,75,0.0,40
9,2024-05-07,13.5,56,0.0,14
9,2024-05-08,16.9,77,0.0,3
9,2024-05-09,7.8,84,0.0,70
9,2024-05-10,12.4,70,0.0,39
9,2024-05-11,18.3,50,0.0,16
9,2024-05-12,11.1,59,6.7,26
9,2024-05-13,16.3,65,0.0,27
9,2024-05-14,22.1,68,5.5,66
9,2024-05-15,13.4,78,0.0,15
9,2024-05-16,11.1,94,0.0,63
9,2024-05-17,21.0,74,0.0,79
9,2024-05-18,18.1,82,0.0,29
9,2024-05-19,21.3,64,2.0,57
9,2024-05-20,20.1,85,0.0,61
9,2024-05-21,13.1,51,3.6,59
9,2024-05-22,16.7,69,0.0,33
9,2024-05-23,13.2,86,0.0,29
9,2024-05-24,16.7,55,0.0,31
9,2024-05-25,13.7,78,9.1,66
9,2024-05-26,13.6,92,0.0,85
9,2024-05-27,7.8,68,0.0,50
9,2024-05-28,13.1,89,0.0,17
9,2024-05-29,8.9,78,0.0,57
9,2024-05-30,24.2,85,5.5,66
9,2024-05-31,19.0,71,0.0,88
10,2024-01-01,8.7,73,3.5,24
10,2024-01-02,4.8,78,0.0,83
10,2024-01-03,1.2,94,0.0,81
10,2024-01-04,6.4,91,0.0,76
10,2024-01-05,9.5,90,0.0,0
10,2024-01-06,0.9,97,0.0,66
10,2024-01-07,-1.0,54,0.0,94
10,2024-01-08,-6.5,71,0.0,69
10,2024-01-09,1.3,94,0.0,30
10,2024-01-10,-1.5,87,0.0,97
10,2024-01-11,6.1,66,0.0,2
10,2024-01-12,4.3,67,4.8,44
10,2024-01-13,1.6,63,0.0,99
10,2024-01-14,0.4,75,0.0,9
10,2024-01-15,-2.6,64,4.8,16
10,2024-01-16,-1.0,75,0.0,17
10,2024-01-17,-13.8,64,0.0,69
10,2024-01-18,-1.1,78,5.0,32
10,2024-01-19,-1.7,73,0.0,77
10,2024-01-20,-3.5,76,2.8,55
10,2024-01-21,-7.0,76,6.7,60
10,2024-01-22,8.8,85,0.0,8
10,2024-01-23,-3.7,77,0.0,86
10,2024-01-24,0.9,55,0.0,95
10,2024-01-25,-1.5,80,0.0,1
10,2024-01-26,-6.1,64,9.9,1
10,2024-01-27,3.2,58,0.0,71
10,2024-01-28,1.6,96,1.9,79
10,2024-01-29,2.5,52,8.4,28
10,2024-01-30,3.7,85,9.4,87
10,2024-01-31,0.4,65,0.0,17
10,2024-02-01,0.5,69,0.0,30
10,2024-02-02,-5.8,67,0.0,55
10,2024-02-03,-5.9,80,8.7,56
10,2024-02-04,-0.0,52,0.0,75
10,2024-02-05,-1.7,65,6.0,86
10,2024-02-06,5.4,95,8.8,90
10,2024-02-07,-4.0,70,1.0,37
10,2024-02-08,7.3,78,0.0,82
10,2024-02-09,-3.1,89,0.0,31
10,2024-02-10,-4.9,73,0.0,13
10,2024-02-11,5.6,75,0.0,30
10,2024-02-12,7.4,72,0.0,97
10,2024-02-13,0.1,92,6.5,31
10,2024-02-14,-5.0,76,2.5,71
10,2024-02-15,5.9,70,0.0,30
10,2024-02-16,1.7,93,0.0,26
10,2024-02-17,-4.8,99,0.0,37
10,2024-02-18,1.3,74,0.0,78
10,2024-02-19,5.4,69,0.0,96
10,2024-02-20,-1.6,81,4.4,46
10,2024-02-21,8.4,81,8.0,96
10,2024-02-22,-4.7,65,0.0,78
10,2024-02-23,0.5,67,0.0,9
10,2024-02-24,3.5,53,0.0,97
10,2024-02-25,-9.3,84,0.0,32
10,2024-02-26,1.4,87,0.0,46
10,2024-02-27,1.7,89,1.9,41
10,2024-02-28,-4.0,56,0.0,56
10,2024-02-29,-0.7,77,9.2,56
10,2024-03-01,8.3,60,0.0,43
10,2024-03-02,16.6,83,0.0,52
10,2024-03-03,15.9,70,3.3,42
10,2024-03-04,20.5,85,3.2,98
10,2024-03-05,13.5,98,8.3,33
10,2024-03-06,14.5,56,3.4,30
10,2024-03-07,16.4,76,1.9,58
10,2024-03-08,13.1,75,0.0,44
10,2024-03-09,14.2,93,0.0,70
10,2024-03-10,15.7,91,3.2,95
10,2024-03-11,9.4,52,0.0,73
10,2024-03-12,13.6,79,0.0,45
10,2024-03-13,13.7,94,0.0,31
10,2024-03-14,20.0,68,0.0,26
10,2024-03-15,4.3,85,0.0,73
10,2024-03-16,19.4,80,0.0,61
10,2024-03-17,10.7,98,0.4,45
10,2024-03-18,9.2,80,0.0,64
10,2024-03-19,18.9,96,0.0,31
10,2024-03-20,17.4,88,0.0,26
10,2024-03-21,13.5,75,0.0,32
10,2024-03-22,18.1,68,0.0,39
10,2024-03-23,17.1,81,0.0,91
10,2024-03-24,10.1,50,0.0,13
10,2024-03-25,14.1,62,4.4,73
10,2024-03-26,14.3,73,0.0,41
10,2024-03-27,11.5,83,9.6,86
10,2024-03-28,5.2,82,0.0,98
10,2024-03-29,11.8,80,0.0,84
10,2024-03-30,0.9,59,0.0,29
10,2024-03-31,30.3,70,0.0,18
10,2024-04-01,19.2,56,0.0,74
10,2024-04-02,17.4,62,0.0,82
10,2024-04-03,20.9,55,0.0,94
10,2024-04-04,9.8,97,8.2,24
10,2024-04-05,20.3,52,0.0,12
10,2024-04-06,17.5,51,2.6,18
10,2024-04-07,17.9,78,0.0,48
10,2024-04-08,16.0,52,0.0,35
10,2024-04-09,15.8,70,0.0,99
10,2024-04-10,22.8,85,0.0,58
10,2024-04-11,16.4,52,0.0,11
10,2024-04-12,10.2,51,0.0,77
10,2024-04-13,15.9,94,9.0,64
10,2024-04-14,22.3,75,7.0,35
10,2024-04-15,5.3,50,0.4,80
10,2024-04-16,21.9,90,8.3,69
10,2024-04-17,12.7,74,0.0,32
10,2024-04-18,23.6,73,0.0,33
10,2024-04-19,15.5,54,8.9,11
10,2024-04-20,11.3,79,0.4,69
10,2024-04-21,14.0,97,0.0,84
10,2024-04-22,21.8,91,0.0,74
10,2024-04-23,22.5,72,1.6,21
10,2024-04-24,10.5,62,6.7,77
10,2024-04-25,15.8,65,0.0,30
10,2024-04-26,13.9,63,8.0,48
10,2024-04-27,10.1,68,0.0,1
10,2024-04-28,23.9,72,0.0,80
10,2024-04-29,20.2,92,0.0,48
10,2024-04-30,7.9,98,0.0,95
10,2024-05-01,15.6,76,0.0,80
10,2024-05-02,20.8,96,0.0,93
10,2024-05-03,16.6,50,5.0,15
10,2024-05-04,11.0,77,7.6,53
10,2024-05-05,8.4,92,0.0,36
10,2024-05-06,7.7,74,0.0,43
10,2024-05-07,6.6,94,0.0,61
10,2024-05-08,12.8,90,0.0,74
10,2024-05-09,13.8,70,0.0,97
10,2024-05-10,16.7,71,0.0,63
10,2024-05-11,16.1,54,0.0,98
10,2024-05-12,17.6,67,5.2,12
10,2024-05-13,7.8,83,0.0,44
10,2024-05-14,4.5,54,0.0,81
10,2024-05-15,18.4,54,2.7,4
10,2024-05-16,11.6,70,0.0,21
10,2024-05-17,13.8,65,0.0,76
10,2024-05-18,15.0,94,0.0,23
10,2024-05-19,2.7,91,0.0,19
10,2024-05-20,10.7,76,0.0,4
10,2024-05-21,11.8,50,0.0,4
10,2024-05-22,10.5,50,2.9,50
10,2024-05-23,6.1,78,0.0,64
10,2024-05-24,11.1,71,1.3,27
10,2024-05-25,18.7,72,0.0,32
10,2024-05-26,13.8,79,1.1,31
10,2024-05-27,18.8,88,0.0,82
10,2024-05-28,14.0,50,0.0,37
10,2024-05-29,13.4,56,0.0,8
10,2024-05-30,8.7,67,0.0,77
10,2024-05-31,17.4,93,0.0,20
11,2024-01-01,5.9,91,0.0,39
11,2024-01-02,4.4,96,3.5,0
11,2024-01-03,5.4,61,0.0,59
11,2024-01-04,7.3,83,8.7,14
11,2024-01-05,9.0,54,0.0,58
11,2024-01-06,16.2,99,0.0,55
11,2024-01-07,9.8,76,0.0,65
11,2024-01-08,8.0,89,0.0,34
11,2024-01-09,9.6,75,6.6,56
11,2024-01-10,0.2,69,0.0,30
11,2024-01-11,0.2,73,6.2,51
11,2024-01-12,8.6,74,0.0,57
11,2024-01-13,9.7,67,0.0,19
11,2024-01-14,7.9,78,4.3,50
11,2024-01-15,18.6,52,0.0,52
11,2024-01-16,10.2,51,0.0,89
11,2024-01-17,10.0,69,0.0,38
11,2024-01-18,-1.5,63,0.0,65
11,2024-01-19,10.9,84,0.0,50
11,2024-01-20,-7.1,78,0.0,14
11,2024-01-21,2.6,97,0.0,27
11,2024-01-22,6.0,72,0.0,88
11,2024-01-23,9.7,57,0.0,79
11,2024-01-24,3.0,55,0.0,81
11,2024-01-25,7.5,77,1.9,73
11,2024-01-26,3.1,69,0.0,54
11,2024-01-27,6.6,64,7.9,22
11,2024-01-28,13.7,57,8.2,54
11,2024-01-29,6.9,95,0.0,83
11,2024-01-30,2.1,84,0.0,71
11,2024-01-31,9.1,74,5.9,12
11,2024-02-01,4.2,82,9.7,68
11,2024-02-02,14.1,97,7.8,57
11,2024-02-03,10.4,86,3.1,25
11,2024-02-04,-1.4,55,0.4,23
11,2024-02-05,11.4,69,0.0,14
11,2024-02-06,9.0,86,0.0,70
11,2024-02-07,7.0,54,0.0,75
11,2024-02-08,10.0,68,3.0,60
11,2024-02-09,4.3,92,0.0,95
11,2024-02-10,13.6,54,0.0,28
11,2024-02-11,4.8,89,0.0,63
11,2024-02-12,0.4,97,3.8,44
11,2024-02-13,12.3,77,0.0,16
11,2024-02-14,4.6,55,8.7,61
11,2024-02-15,11.8,56,0.0,21
11,2024-02-16,-6.2,69,0.0,72
11,2024-02-17,4.5,59,5.3,83
11,2024-02-18,7.9,70,9.1,24
11,2024-02-19,9.0,82,8.4,75
11,2024-02-20,9.0,56,0.0,98
11,2024-02-21,7.6,97,3.1,21
11,2024-02-22,10.9,92,0.0,56
11,2024-02-23,6.0,67,0.0,69
11,2024-02-24,8.7,59,0.0,3
11,2024-02-25,8.1,62,0.0,27
11,2024-02-26,8.0,63,0.0,28
11,2024-02-27,6.5,68,0.0,85
11,2024-02-28,3.8,51,0.0,0
11,2024-02-29,8.3,87,0.0,18
11,2024-03-01,20.4,68,0.0,72
11,2024-03-02,20.2,80,0.0,51
11,2024-03-03,22.8,59,9.9,76
11,2024-03-04,18.5,82,0.0,81
11,2024-03-05,11.3,74,0.0,72
11,2024-03-06,14.1,93,0.0,92
11,2024-03-07,18.7,83,2.5,2
11,2024-03-08,22.2,97,0.0,30
11,2024-03-09,23.9,67,0.0,56
11,2024-03-10,22.9,84,0.0,84
11,2024-03-11,16.9,89,0.0,0
11,2024-03-12,13.4,50,0.0,90
11,2024-03-13,17.0,59,0.0,72
11,2024-03-14,23.3,65,0.0,14
11,2024-03-15,20.3,52,0.0,10
11,2024-03-16,15.7,63,6.1,27
11,2024-03-17,22.3,50,0.0,19
11,2024-03-18,22.1,85,0.0,52
11,2024-03-19,23.4,80,0.0,30
11,2024-03-20,27.3,96,5.1,18
11,2024-03-21,21.1,95,0.0,31
11,2024-03-22,32.1,63,3.3,63
11,2024-03-23,18.4,99,0.0,6
11,2024-03-24,22.5,76,8.9,70
11,2024-03-25,26.0,71,1.7,64
11,2024-03-26,18.7,88,3.5,26
11,2024-03-27,20.4,76,0.0,87
11,2024-03-28,30.9,80,5.3,41
11,2024-03-29,29.2,55,0.0,94
11,2024-03-30,25.1,51,9.5,22
11,2024-03-31,23.8,71,0.0,60
11,2024-04-01,24.6,93,0.0,25
11,2024-04-02,25.4,59,3.7,9
11,2024-04-03,21.6,99,0.0,18
11,2024-04-04,24.7,94,0.0,91
11,2024-04-05,25.2,53,5.0,64
11,2024-04-06,24.4,70,0.0,29
11,2024-04-07,26.2,74,0.0,0
11,2024-04-08,16.9,89,0.0,27
11,2024-04-09,23.8,98,0.0,85
11,2024-04-10,23.9,76,0.0,27
11,2024-04-11,19.1,66,0.2,70
11,2024-04-12,18.0,73,0.0,51
11,2024-04-13,28.3,84,0.0,29
11,2024-04-14,13.7,96,0.0,75
11,2024-04-15,25.2,95,4.3,67
11,2024-04-16,19.3,75,0.0,36
11,2024-04-17,29.5,65,0.0,81
11,2024-04-18,23.4,87,0.8,17
11,2024-04-19,22.9,56,0.0,75
11,2024-04-20,20.5,77,0.0,43
11,2024-04-21,30.5,75,0.0,87
11,2024-04-22,15.5,73,0.0,84
11,2024-04-23,14.5,64,1.0,14
11,2024-04-24,25.2,51,0.6,52
11,2024-04-25,28.9,71,0.0,89
11,2024-04-26,20.1,80,0.0,83
11,2024-04-27,14.6,55,6.0,52
11,2024-04-28,31.3,75,0.0,66
11,2024-04-29,26.9,67,0.0,41
11,2024-04-30,28.7,85,0.0,5
11,2024-05-01,20.8,91,0.0,72
11,2024-05-02,21.5,69,5.9,18
11,2024-05-03,20.5,64,0.0,15
11,2024-05-04,19.5,78,0.0,40
11,2024-05-05,22.1,51,0.0,98
11,2024-05-06,23.4,99,0.0,40
11,2024-05-07,26.1,71,0.0,87
11,2024-05-08,11.5,64,0.0,32
11,2024-05-09,18.0,86,0.0,98
11,2024-05-10,25.7,59,0.0,83
11,2024-05-11,23.7,70,0.0,27
11,2024-05-12,30.5,88,4.5,78
11,2024-05-13,28.3,73,0.0,32
11,2024-05-14,7.8,55,0.0,33
11,2024-05-15,23.5,52,0.0,57
11,2024-05-16,18.3,57,0.0,6
11,2024-05-17,14.1,76,0.0,32
11,2024-05-18,28.4,51,4.0,17
11,2024-05-19,26.6,53,0.0,72
11,2024-05-20,28.7,56,6.9,55
11,2024-05-21,16.9,62,0.0,24
11,2024-05-22,13.3,72,0.0,70
11,2024-05-23,19.8,72,0.0,10
11,2024-05-24,26.1,70,0.4,99
11,2024-05-25,20.2,68,2.1,86
11,2024-05-26,15.8,92,0.0,42
11,2024-05-27,18.8,73,0.0,30
11,2024-05-28,21.2,60,0.0,38
11,2024-05-29,18.9,69,0.0,53
11,2024-05-30,23.6,67,8.4,64
11,2024-05-31,20.6,50,0.0,46
12,2024-01-01,11.3,60,0.0,26
12,2024-01-02,13.5,54,4.1,26
12,2024-01-03,5.4,59,0.0,69
12,2024-01-04,5.8,54,0.0,30
12,2024-01-05,6.8,66,0.0,46
12,2024-01-06,9.7,58,0.0,37
12,2024-01-07,8.8,98,0.0,69
12,2024-01-08,11.6,97,1.2,65
12,2024-01-09,11.4,63,5.0,92
12,2024-01-10,4.9,61,0.0,97
12,2024-01-11,7.4,69,0.0,35
12,2024-01-12,11.8,66,0.0,75
12,2024-01-13,15.3,75,0.0,46
12,2024-01-14,18.0,56,0.0,12
12,2024-01-15,9.1,57,0.0,25
12,2024-01-16,9.7,72,9.2,28
12,2024-01-17,5.6,68,0.0,32
12,2024-01-18,12.5,85,0.0,58
12,2024-01-19,5.0,56,0.0,6
12,2024-01-20,8.1,72,0.0,16
12,2024-01-21,10.8,61,0.0,18
12,2024-01-22,3.7,64,0.0,74
12,2024-01-23,9.4,53,6.9,97
12,2024-01-24,16.2,59,1.5,24
12,2024-01-25,0.9,57,6.9,43
12,2024-01-26,7.8,65,0.0,82
12,2024-01-27,4.6,98,7.5,9
12,2024-01-28,12.0,98,0.0,6
12,2024-01-29,14.1,53,0.0,39
12,2024-01-30,4.9,89,0.0,83
12,2024-01-31,13.3,94,0.0,6
12,2024-02-01,13.0,72,0.0,72
12,2024-02-02,5.8,88,0.0,15
12,2024-02-03,8.3,56,0.0,51
12,2024-02-04,5.2,98,4.8,49
12,2024-02-05,-2.0,71,0.0,66
12,2024-02-06,6.9,89,8.9,11
12,2024-02-07,10.4,79,0.0,62
12,2024-02-08,6.8,59,0.0,13
12,2024-02-09,5.1,85,0.0,85
12,2024-02-10,3.9,88,4.5,5
12,2024-02-11,3.4,95,0.0,40
12,2024-02-12,21.0,50,0.0,73
12,2024-02-13,6.6,94,4.8,45
12,2024-02-14,5.4,80,0.0,50
12,2024-02-15,-1.7,82,0.0,26
12,2024-02-16,-6.7,72,0.0,55
12,2024-02-17,2.0,87,9.9,31
12,2024-02-18,1.3,52,0.0,83
12,2024-02-19,10.5,63,0.0,85
12,2024-02-20,10.9,58,0.0,51
12,2024-02-21,13.3,81,0.0,70
12,2024-02-22,13.0,97,0.0,49
12,2024-02-23,12.4,66,0.0,85
12,2024-02-24,7.6,99,0.0,24
12,2024-02-25,4.4,90,0.0,84
12,2024-02-26,10.8,51,7.1,72
12,2024-02-27,16.5,95,0.0,83
12,2024-02-28,6.8,81,7.6,48
12,2024-02-29,4.7,68,0.0,80
12,2024-03-01,21.3,90,0.0,27
12,2024-03-02,18.0,70,0.0,9
12,2024-03-03,26.6,74,0.0,59
12,2024-03-04,21.9,79,0.0,99
12,2024-03-05,19.4,51,0.0,30
12,2024-03-06,28.3,78,0.0,80
12,2024-03-07,29.3,66,0.0,53
12,2024-03-08,21.7,97,0.0,16
12,2024-03-09,23.4,76,0.0,49
12,2024-03-10,21.1,51,0.0,91
12,2024-03-11,25.4,51,0.0,35
12,2024-03-12,26.6,71,0.0,60
12,2024-03-13,16.1,58,0.0,30
12,2024-03-14,16.5,75,0.0,36
12,2024-03-15,28.3,99,0.0,43
12,2024-03-16,26.2,76,3.0,66
12,2024-03-17,27.9,52,6.4,68
12,2024-03-18,25.2,99,4.5,0
12,2024-03-19,24.6,61,0.0,37
12,2024-03-20,24.6,90,0.0,35
12,2024-03-21,31.3,82,4.8,48
12,2024-03-22,31.4,78,1.2,54
12,2024-03-23,35.1,84,0.0,89
12,2024-03-24,28.9,53,0.0,98
12,2024-03-25,23.3,60,0.0,85
12,2024-03-26,33.4,67,0.0,40
12,2024-03-27,21.1,78,0.0,63
12,2024-03-28,18.4,63,0.0,88
12,2024-03-29,24.1,50,0.0,44
12,2024-03-30,18.1,85,0.0,65
12,2024-03-31,17.7,84,0.0,48
12,2024-04-01,22.3,73,6.1,45
12,2024-04-02,18.8,83,0.0,50
12,2024-04-03,26.6,95,0.0,40
12,2024-04-04,19.4,98,0.0,70
12,2024-04-05,29.6,78,0.0,46
12,2024-04-06,16.8,85,0.0,23
12,2024-04-07,28.1,52,0.0,61
12,2024-04-08,21.3,65,0.0,72
12,2024-04-09,33.8,69,0.0,30
12,2024-04-10,20.9,75,0.0,26
12,2024-04-11,21.2,57,0.0,92
12,2024-04-12,21.9,55,1.2,22
12,2024-04-13,10.3,95,1.0,23
12,2024-04-14,24.1,75,0.0,83
12,2024-04-15,35.4,78,8.7,54
12,2024-04-16,29.9,66,0.0,16
12,2024-04-17,16.3,66,0.0,17
12,2024-04-18,13.7,61,0.6,50
12,2024-04-19,22.1,95,0.0,95
12,2024-04-20,37.0,99,0.0,48
12,2024-04-21,21.3,72,0.0,67
12,2024-04-22,17.0,68,7.4,66
12,2024-04-23,24.8,66,0.6,63
12,2024-04-24,28.8,84,0.0,36
12,2024-04-25,30.2,94,0.0,10
12,2024-04-26,24.2,88,0.0,95
12,2024-04-27,24.6,74,0.0,39
12,2024-04-28,21.1,64,5.8,1
12,2024-04-29,19.6,68,3.8,6
12,2024-04-30,26.2,75,6.8,12
12,2024-05-01,20.6,71,0.0,12
12,2024-05-02,26.4,87,6.5,6
12,2024-05-03,25.1,62,2.1,35
12,2024-05-04,26.0,90,0.0,23
12,2024-05-05,20.9,97,0.0,15
12,2024-05-06,21.5,87,8.3,67
12,2024-05-07,33.3,99,0.0,19
12,2024-05-08,23.1,74,6.8,85
12,2024-05-09,20.5,62,0.0,43
12,2024-05-10,22.7,91,0.9,70
12,2024-05-11,24.4,51,8.6,87
12,2024-05-12,38.0,93,0.0,22
12,2024-05-13,24.8,95,0.0,75
12,2024-05-14,19.6,99,1.4,92
12,2024-05-15,15.9,50,0.0,19
12,2024-05-16,27.0,73,9.3,26
12,2024-05-17,22.2,53,6.8,94
12,2024-05-18,36.3,77,0.0,33
12,2024-05-19,29.0,62,0.0,76
12,2024-05-20,32.9,53,4.7,62
12,2024-05-21,22.7,88,0.0,12
12,2024-05-22,20.4,97,0.0,55
12,2024-05-23,32.1,64,0.0,1
12,2024-05-24,16.4,92,1.8,90
12,2024-05-25,29.4,81,0.0,34
12,2024-05-26,20.3,99,7.8,2
12,2024-05-27,12.6,90,0.0,36
12,2024-05-28,24.8,72,6.0,17
12,2024-05-29,24.2,93,0.0,18
12,2024-05-30,25.3,98,3.2,52
12,2024-05-31,22.5,54,3.7,24
13,2024-01-01,16.1,92,0.0,94
13,2024-01-02,8.1,58,0.0,60
13,2024-01-03,15.5,59,0.0,2
13,2024-01-04,13.8,81,4.2,97
13,2024-01-05,10.1,95,0.0,60
13,2024-01-06,-1.5,86,0.0,48
13,2024-01-07,9.8,51,0.0,4
13,2024-01-08,11.9,99,0.0,22
13,2024-01-09,9.6,97,0.0,80
13,2024-01-10,13.3,73,0.0,29
13,2024-01-11,11.9,98,0.0,97
13,2024-01-12,14.9,89,0.0,46
13,2024-01-13,10.1,73,0.0,92
13,2024-01-14,18.6,50,2.6,98
13,2024-01-15,10.1,82,0.0,79
13,2024-01-16,22.0,63,10.0,94
13,2024-01-17,9.6,54,0.0,78
13,2024-01-18,14.5,86,4.0,50
13,2024-01-19,12.6,77,0.0,32
13,2024-01-20,16.5,77,0.0,54
13,2024-01-21,14.3,59,2.4,65
13,2024-01-22,20.9,67,0.0,60
13,2024-01-23,10.0,90,0.0,45
13,2024-01-24,10.5,73,0.0,59
13,2024-01-25,15.3,85,0.0,91
13,2024-01-26,18.5,61,3.3,75
13,2024-01-27,20.9,98,0.0,78
13,2024-01-28,9.6,53,1.2,13
13,2024-01-29,12.6,83,3.8,23
13,2024-01-30,15.2,90,7.5,6
13,2024-01-31,15.3,86,0.0,59
13,2024-02-01,10.1,73,0.0,28
13,2024-02-02,18.3,95,0.0,9
13,2024-02-03,19.9,74,0.0,10
13,2024-02-04,16.3,94,0.0,19
13,2024-02-05,17.4,94,0.0,59
13,2024-02-06,6.8,93,0.0,98
13,2024-02-07,11.5,77,0.0,86
13,2024-02-08,17.0,54,0.0,2
13,2024-02-09,8.6,97,0.0,37
13,2024-02-10,17.1,64,0.0,94
13,2024-02-11,17.3,96,0.0,47
13,2024-02-12,13.9,86,6.9,39
13,2024-02-13,11.0,50,4.6,67
13,2024-02-14,18.1,98,8.2,84
13,2024-02-15,14.7,68,0.0,63
13,2024-02-16,12.5,86,0.0,52
13,2024-02-17,0.1,99,0.0,64
13,2024-02-18,15.0,59,0.0,32
13,2024-02-19,14.3,77,0.0,60
13,2024-02-20,10.0,55,4.2,5
13,2024-02-21,10.6,50,2.0,10
13,2024-02-22,11.5,57,0.0,57
13,2024-02-23,11.0,82,0.0,27
13,2024-02-24,19.9,56,0.0,72
13,2024-02-25,11.3,61,0.0,69
13,2024-02-26,12.0,60,0.0,26
13,2024-02-27,14.0,71,0.0,17
13,2024-02-28,6.6,87,0.0,20
13,2024-02-29,17.0,74,9.3,76
13,2024-03-01,28.4,95,0.0,15
13,2024-03-02,21.9,90,9.5,73
13,2024-03-03,30.2,78,0.0,66
13,2024-03-04,25.6,74,0.0,96
13,2024-03-05,25.8,55,0.0,82
13,2024-03-06,30.6,87,0.0,81
13,2024-03-07,31.6,99,0.0,27
13,2024-03-08,27.9,51,0.0,44
13,2024-03-09,28.1,79,3.7,7
13,2024-03-10,22.1,81,0.0,35
13,2024-03-11,24.5,81,0.0,61
13,2024-03-12,30.9,88,8.9,88
13,2024-03-13,20.7,73,8.4,53
13,2024-03-14,25.7,85,0.0,4
13,2024-03-15,27.3,67,0.0,11
13,2024-03-16,28.4,54,0.0,0
13,2024-03-17,37.8,75,0.0,11
13,2024-03-18,25.2,98,0.0,61
13,2024-03-19,20.8,94,0.0,77
13,2024-03-20,26.5,56,0.0,82
13,2024-03-21,31.1,93,0.0,33
13,2024-03-22,17.2,95,0.0,33
13,2024-03-23,29.7,79,0.0,52
13,2024-03-24,23.7,55,0.0,64
13,2024-03-25,27.8,92,0.0,88
13,2024-03-26,28.2,90,0.0,19
13,2024-03-27,23.5,89,0.0,97
13,2024-03-28,33.3,67,0.0,87
13,2024-03-29,21.6,86,0.0,46
13,2024-03-30,31.6,89,0.0,27
13,2024-03-31,27.0,85,0.0,59
13,2024-04-01,31.7,97,0.0,41
13,2024-04-02,34.0,97,4.1,27
13,2024-04-03,26.6,56,0.0,88
13,2024-04-04,28.4,90,0.0,70
13,2024-04-05,26.2,55,0.0,10
13,2024-04-06,22.5,88,9.2,73
13,2024-04-07,22.2,69,0.0,40
13,2024-04-08,24.1,98,0.4,60
13,2024-04-09,29.1,67,6.1,37
13,2024-04-10,28.6,51,0.0,47
13,2024-04-11,23.7,71,6.4,24
13,2024-04-12,19.5,61,7.2,56
13,2024-04-13,26.1,82,0.0,32
13,2024-04-14,29.2,76,0.0,72
13,2024-04-15,22.7,75,1.4,13
13,2024-04-16,24.1,81,0.0,51
13,2024-04-17,37.7,73,0.0,3
13,2024-04-18,34.2,65,0.0,66
13,2024-04-19,23.3,54,0.0,81
13,2024-04-20,28.3,93,9.2,24
13,2024-04-21,28.9,80,0.0,54
13,2024-04-22,32.6,58,0.0,72
13,2024-04-23,20.7,59,0.0,33
13,2024-04-24,31.6,68,6.0,73
13,2024-04-25,24.9,75,0.0,97
13,2024-04-26,28.2,67,0.0,51
13,2024-04-27,32.4,84,0.0,92
13,2024-04-28,32.6,52,0.0,3
13,2024-04-29,24.6,94,0.0,23
13,2024-04-30,31.7,85,0.0,4
13,2024-05-01,30.4,89,0.0,27
13,2024-05-02,31.1,53,0.0,5
13,2024-05-03,26.2,66,0.0,33
13,2024-05-04,19.7,58,0.0,69
13,2024-05-05,27.0,69,6.4,17
13,2024-05-06,20.3,63,0.0,52
13,2024-05-07,22.2,50,0.0,78
13,2024-05-08,24.7,87,0.0,75
13,2024-05-09,25.8,80,0.0,35
13,2024-05-10,27.1,78,0.0,89
13,2024-05-11,32.6,57,0.0,14
13,2024-05-12,24.6,68,0.0,14
13,2024-05-13,29.8,85,0.0,64
13,2024-05-14,31.7,92,0.0,85
13,2024-05-15,17.3,80,0.0,70
13,2024-05-16,21.7,58,0.0,79
13,2024-05-17,26.3,65,0.0,81
13,2024-05-18,31.3,57,0.0,12
13,2024-05-19,22.3,76,0.0,24
13,2024-05-20,27.7,84,8.3,65
13,2024-05-21,29.9,78,0.0,60
13,2024-05-22,30.9,99,0.0,92
13,2024-05-23,30.7,87,0.0,61
13,2024-05-24,22.3,93,0.0,38
13,2024-05-25,28.1,91,0.0,60
13,2024-05-26,21.4,60,4.2,7
13,2024-05-27,23.0,74,1.2,86
13,2024-05-28,25.0,69,6.7,88
13,2024-05-29,31.1,69,8.1,12
13,2024-05-30,32.9,73,0.0,13
13,2024-05-31,35.2,69,0.0,46
14,2024-01-01,11.5,53,0.0,18
14,2024-01-02,9.7,69,5.5,12
14,2024-01-03,11.3,66,0.0,2
14,2024-01-04,14.7,75,4.0,25
14,2024-01-05,6.5,90,1.4,85
14,2024-01-06,11.1,69,5.7,65
14,2024-01-07,19.0,98,0.0,43
14,2024-01-08,6.0,87,7.6,25
14,2024-01-09,16.2,57,0.5,4
14,2024-01-10,12.7,87,0.0,47
14,2024-01-11,7.2,91,0.0,96
14,2024-01-12,15.0,80,0.0,82
14,2024-01-13,8.9,50,5.6,20
14,2024-01-14,8.7,72,0.0,42
14,2024-01-15,19.1,99,0.0,96
14,2024-01-16,5.4,97,0.0,8
14,2024-01-17,3.3,88,0.0,23
14,2024-01-18,4.5,69,0.0,56
14,2024-01-19,9.5,86,0.0,89
14,2024-01-20,9.4,51,0.0,32
14,2024-01-21,16.0,92,0.0,23
14,2024-01-22,7.5,68,2.9,83
14,2024-01-23,6.2,60,8.2,95
14,2024-01-24,12.4,50,5.4,22
14,2024-01-25,3.6,65,0.0,9
14,2024-01-26,17.4,85,0.0,83
14,2024-01-27,6.1,61,0.0,44
14,2024-01-28,1.4,56,0.0,10
14,2024-01-29,20.0,65,6.1,45
14,2024-01-30,8.0,91,0.0,83
14,2024-01-31,11.7,50,0.0,3
14,2024-02-01,4.0,76,7.5,97
14,2024-02-02,7.6,73,0.0,89
14,2024-02-03,9.4,98,2.9,62
14,2024-02-04,8.3,67,2.3,6
14,2024-02-05,15.6,51,0.0,89
14,2024-02-06,12.4,90,0.5,42
14,2024-02-07,3.4,63,0.0,51
14,2024-02-08,13.6,50,0.0,56
14,2024-02-09,9.5,80,0.0,67
14,2024-02-10,18.1,92,0.0,84
14,2024-02-11,5.4,61,0.0,53
14,2024-02-12,7.7,60,0.0,39
14,2024-02-13,11.1,87,0.5,31
14,2024-02-14,9.4,73,0.0,77
14,2024-02-15,19.4,82,0.0,99
14,2024-02-16,7.5,93,0.0,51
14,2024-02-17,5.7,96,0.0,15
14,2024-02-18,2.6,86,1.0,71
14,2024-02-19,14.0,83,0.0,84
14,2024-02-20,-2.7,53,0.0,84
14,2024-02-21,7.4,99,0.0,12
14,2024-02-22,11.7,74,6.0,51
14,2024-02-23,5.3,84,5.6,41
14,2024-02-24,9.5,60,0.0,34
14,2024-02-25,-2.6,71,0.0,20
14,2024-02-26,4.4,75,4.5,68
14,2024-02-27,9.5,98,0.0,82
14,2024-02-28,15.7,85,8.2,60
14,2024-02-29,14.1,83,0.4,24
14,2024-03-01,26.0,95,0.0,82
14,2024-03-02,27.3,66,8.3,33
14,2024-03-03,25.6,61,0.0,69
14,2024-03-04,28.7,68,1.9,49
14,2024-03-05,20.8,87,0.0,29
14,2024-03-06,16.9,65,0.0,21
14,2024-03-07,26.1,63,0.0,17
14,2024-03-08,20.6,91,0.0,83
14,2024-03-09,27.3,94,0.0,61
14,2024-03-10,23.9,57,1.6,58
14,2024-03-11,24.1,86,0.0,77
14,2024-03-12,28.4,97,0.0,77
14,2024-03-13,20.5,77,0.0,33
14,2024-03-14,25.0,93,0.0,62
14,2024-03-15,26.5,56,0.0,28
14,2024-03-16,23.1,55,0.0,98
14,2024-03-17,28.2,82,3.9,39
14,2024-03-18,23.6,64,0.0,92
14,2024-03-19,27.6,61,9.8,43
14,2024-03-20,23.9,63,0.0,42
14,2024-03-21,28.1,52,0.4,66
14,2024-03-22,17.8,70,0.0,13
14,2024-03-23,24.1,95,0.0,80
14,2024-03-24,17.3,57,0.0,15
14,2024-03-25,24.7,89,0.0,21
14,2024-03-26,33.4,97,5.5,43
14,2024-03-27,20.5,68,0.0,62
14,2024-03-28,23.3,56,0.0,56
14,2024-03-29,21.1,58,0.0,45
14,2024-03-30,29.5,60,0.0,63
14,2024-03-31,16.2,73,0.0,75
14,2024-04-01,21.4,90,0.0,19
14,2024-04-02,26.4,72,0.0,65
14,2024-04-03,19.2,95,0.0,15
14,2024-04-04,19.8,59,0.0,19
14,2024-04-05,25.3,75,6.1,61
14,2024-04-06,25.0,78,4.7,91
14,2024-04-07,30.2,99,5.5,12
14,2024-04-08,25.1,50,0.0,83
14,2024-04-09,17.6,99,0.0,13
14,2024-04-10,27.4,93,5.9,65
14,2024-04-11,27.2,68,0.9,7
14,2024-04-12,24.1,97,4.9,37
14,2024-04-13,29.8,84,0.0,28
14,2024-04-14,29.9,90,0.0,0
14,2024-04-15,18.9,96,0.0,93
14,2024-04-16,31.2,96,2.9,43
14,2024-04-17,19.2,58,0.0,11
14,2024-04-18,25.3,54,0.0,38
14,2024-04-19,19.0,70,9.9,27
14,2024-04-20,19.7,90,0.0,21
14,2024-04-21,31.2,62,0.0,48
14,2024-04-22,28.7,61,0.0,18
14,2024-04-23,29.1,51,0.0,33
14,2024-04-24,14.2,82,0.0,60
14,2024-04-25,26.9,77,0.0,7
14,2024-04-26,30.0,52,0.0,94
14,2024-04-27,23.9,92,0.0,9
14,2024-04-28,32.0,59,0.0,98
14,2024-04-29,27.6,80,0.0,58
14,2024-04-30,19.0,98,3.8,14
14,2024-05-01,21.9,80,6.8,7
14,2024-05-02,17.7,79,9.6,53
14,2024-05-03,23.9,93,5.2,72
14,2024-05-04,23.7,76,3.8,42
14,2024-05-05,26.7,57,0.0,88
14,2024-05-06,25.5,87,0.0,1
14,2024-05-07,21.0,93,8.9,91
14,2024-05-08,24.4,68,9.3,17
14,2024-05-09,30.7,50,0.0,13
14,2024-05-10,31.1,96,7.5,16
14,2024-05-11,28.5,59,2.5,18
14,2024-05-12,32.4,71,4.0,86
14,2024-05-13,18.4,89,9.8,34
14,2024-05-14,20.0,87,0.0,80
14,2024-05-15,26.2,70,0.3,46
14,2024-05-16,19.6,82,5.0,19
14,2024-05-17,26.2,95,0.0,49
14,2024-05-18,18.9,88,0.0,10
14,2024-05-19,15.7,58,9.5,59
14,2024-05-20,24.2,54,0.0,47
14,2024-05-21,29.9,69,0.0,97
14,2024-05-22,38.9,60,0.0,84
14,2024-05-23,29.0,71,0.0,24
14,2024-05-24,25.1,84,8.1,66
14,2024-05-25,23.0,73,0.0,50
14,2024-05-26,20.1,71,0.0,60
14,2024-05-27,32.7,53,0.0,38
14,2024-05-28,17.3,75,0.0,44
14,2024-05-29,18.9,80,9.7,32
14,2024-05-30,26.7,50,7.8,76
14,2024-05-31,27.0,65,0.0,31
15,2024-01-01,12.8,64,0.0,34
15,2024-01-02,10.4,53,0.0,27
15,2024-01-03,14.9,75,0.0,1
15,2024-01-04,18.5,91,0.0,47
15,2024-01-05,15.7,58,3.4,87
15,2024-01-06,8.4,53,7.7,19
15,2024-01-07,11.4,50,0.0,58
15,2024-01-08,12.4,51,0.0,16
15,2024-01-09,11.4,74,0.0,10
15,2024-01-10,12.8,81,3.8,61
15,2024-01-11,11.6,76,0.0,23
15,2024-01-12,23.2,61,0.0,90
15,2024-01-13,14.8,68,0.0,70
15,2024-01-14,12.2,78,0.0,67
15,2024-01-15,6.6,96,0.0,73
15,2024-01-16,16.1,52,9.4,95
15,2024-01-17,18.3,97,0.0,79
15,2024-01-18,16.8,97,5.0,90
15,2024-01-19,16.0,62,0.0,83
15,2024-01-20,14.3,61,4.1,86
15,2024-01-21,8.3,98,0.0,16
15,2024-01-22,6.4,76,0.0,71
15,2024-01-23,15.0,65,0.0,59
15,2024-01-24,11.4,57,4.3,85
15,2024-01-25,14.7,88,0.0,38
15,2024-01-26,10.3,65,0.0,68
15,2024-01-27,10.0,67,0.0,74
15,2024-01-28,11.2,98,0.0,64
15,2024-01-29,15.4,50,0.0,31
15,2024-01-30,16.4,98,2.2,87
15,2024-01-31,6.7,54,2.0,17
15,2024-02-01,17.0,69,0.0,76
15,2024-02-02,10.5,74,4.7,57
15,2024-02-03,14.5,67,9.6,29
15,2024-02-04,18.3,55,0.0,11
15,2024-02-05,10.8,91,7.2,90
15,2024-02-06,9.7,90,0.0,28
15,2024-02-07,6.9,88,0.0,91
15,2024-02-08,8.8,83,0.0,91
15,2024-02-09,8.8,83,0.0,96
15,2024-02-10,14.3,90,0.0,60
15,2024-02-11,18.9,77,0.0,67
15,2024-02-12,18.5,67,0.0,27
15,2024-02-13,16.5,98,6.4,79
15,2024-02-14,7.5,68,0.0,39
15,2024-02-15,10.9,83,0.0,50
15,2024-02-16,9.6,83,0.0,12
15,2024-02-17,14.7,70,0.0,18
15,2024-02-18,21.9,72,0.0,33
15,2024-02-19,15.6,87,0.0,31
15,2024-02-20,10.1,74,2.9,30
15,2024-02-21,13.4,75,0.0,86
15,2024-02-22,5.8,73,0.0,47
15,2024-02-23,8.6,55,9.0,73
15,2024-02-24,5.7,72,0.0,39
15,2024-02-25,17.6,74,0.0,21
15,2024-02-26,11.6,71,0.2,97
15,2024-02-27,10.9,84,0.0,63
15,2024-02-28,10.5,86,0.6,21
15,2024-02-29,8.9,57,0.0,37
15,2024-03-01,26.8,82,5.8,36
15,2024-03-02,30.0,61,0.5,13
15,2024-03-03,21.6,79,0.0,21
15,2024-03-04,25.6,76,0.0,18
15,2024-03-05,25.5,99,0.0,51
15,2024-03-06,21.8,70,0.0,57
15,2024-03-07,21.9,53,0.0,53
15,2024-03-08,30.2,93,0.0,77
15,2024-03-09,31.3,99,0.0,31
15,2024-03-10,24.8,77,0.0,26
15,2024-03-11,32.1,60,4.6,83
15,2024-03-12,36.3,54,0.0,28
15,2024-03-13,26.3,70,9.4,1
15,2024-03-14,25.2,51,0.0,63
15,2024-03-15,26.0,85,2.5,70
15,2024-03-16,32.5,54,0.0,85
15,2024-03-17,25.5,92,0.0,25
15,2024-03-18,27.3,95,0.0,48
15,2024-03-19,29.5,87,0.0,62
15,2024-03-20,27.8,80,0.0,22
15,2024-03-21,30.0,79,3.7,41
15,2024-03-22,27.2,88,0.0,25
15,2024-03-23,41.6,64,0.0,42
15,2024-03-24,29.5,71,3.5,99
15,2024-03-25,24.4,55,8.1,88
15,2024-03-26,30.9,65,0.0,73
15,2024-03-27,17.5,95,0.0,61
15,2024-03-28,26.9,57,2.0,52
15,2024-03-29,23.8,72,0.0,47
15,2024-03-30,15.1,65,0.0,46
15,2024-03-31,27.4,82,0.0,16
15,2024-04-01,40.1,88,0.0,60
15,2024-04-02,21.1,95,0.0,93
15,2024-04-03,32.8,59,0.0,13
15,2024-04-04,26.5,87,1.7,24
15,2024-04-05,35.7,78,0.0,79
15,2024-04-06,27.0,91,0.0,16
15,2024-04-07,22.6,90,0.0,51
15,2024-04-08,20.8,94,0.0,63
15,2024-04-09,32.2,83,6.5,88
15,2024-04-10,28.1,74,7.1,69
15,2024-04-11,21.6,70,1.3,35
15,2024-04-12,33.1,87,6.0,8
15,2024-04-13,24.0,95,3.9,1
15,2024-04-14,30.0,54,0.0,42
15,2024-04-15,30.7,55,0.0,98
15,2024-04-16,21.5,61,0.0,48
15,2024-04-17,20.7,95,0.0,6
15,2024-04-18,16.6,85,4.5,31
15,2024-04-19,25.3,90,9.6,48
15,2024-04-20,23.7,73,0.0,42
15,2024-04-21,30.1,50,5.7,77
15,2024-04-22,32.1,78,3.9,60
15,2024-04-23,28.6,91,3.0,8
15,2024-04-24,17.5,99,0.0,82
15,2024-04-25,30.1,52,0.0,31
15,2024-04-26,26.4,99,4.9,93
15,2024-04-27,23.1,99,0.0,64
15,2024-04-28,26.3,82,3.9,51
15,2024-04-29,25.7,90,7.1,74
15,2024-04-30,34.3,65,0.0,13
15,2024-05-01,28.9,52,0.0,87
15,2024-05-02,31.4,53,8.4,72
15,2024-05-03,33.7,58,0.0,37
15,2024-05-04,25.8,86,2.9,59
15,2024-05-05,22.2,84,0.0,4
15,2024-05-06,24.8,62,0.0,93
15,2024-05-07,31.1,51,0.0,44
15,2024-05-08,32.8,76,0.0,33
15,2024-05-09,25.9,82,9.3,32
15,2024-05-10,32.1,86,0.0,93
15,2024-05-11,28.4,92,8.8,21
15,2024-05-12,29.6,74,0.0,25
15,2024-05-13,33.7,92,4.3,18
15,2024-05-14,24.5,66,0.0,10
15,2024-05-15,31.8,57,0.0,43
15,2024-05-16,25.6,54,8.6,54
15,2024-05-17,34.5,70,0.0,41
15,2024-05-18,20.3,76,0.0,23
15,2024-05-19,28.1,99,0.0,72
15,2024-05-20,24.8,98,0.0,40
15,2024-05-21,21.4,57,0.0,56
15,2024-05-22,21.8,78,7.6,93
15,2024-05-23,31.9,91,6.7,58
15,2024-05-24,30.2,67,0.0,3
15,2024-05-25,16.8,91,0.0,6
15,2024-05-26,24.2,52,0.0,55
15,2024-05-27,26.9,98,0.0,43
15,2024-05-28,23.0,72,0.7,3
15,2024-05-29,29.0,93,0.7,84
15,2024-05-30,39.2,82,0.7,80
15,2024-05-31,30.2,57,0.0,35
16,2024-01-01,9.3,70,2.1,79
16,2024-01-02,13.9,98,3.4,29
16,2024-01-03,11.7,93,0.0,33
16,2024-01-04,8.0,71,9.8,87
16,2024-01-05,7.4,90,0.0,18
16,2024-01-06,14.4,99,0.0,51
16,2024-01-07,6.4,59,8.8,95
16,2024-01-08,15.5,74,0.0,77
16,2024-01-09,6.4,78,0.0,77
16,2024-01-10,13.2,72,1.4,38
16,2024-01-11,13.5,93,0.0,58
16,2024-01-12,5.6,76,1.8,20
16,2024-01-13,8.4,90,0.0,14
16,2024-01-14,14.9,89,0.0,18
16,2024-01-15,4.2,60,0.0,50
16,2024-01-16,5.9,76,0.0,93
16,2024-01-17,1.7,82,0.2,89
16,2024-01-18,0.2,81,2.8,34
16,2024-01-19,14.8,86,0.0,14
16,2024-01-20,14.2,94,0.0,35
16,2024-01-21,5.7,59,0.0,29
16,2024-01-22,13.2,91,0.0,22
16,2024-01-23,8.1,70,0.0,54
16,2024-01-24,8.0,62,0.0,58
16,2024-01-25,7.6,82,0.0,17
16,2024-01-26,-2.5,90,0.0,10
16,2024-01-27,14.8,56,0.0,12
16,2024-01-28,17.2,58,6.2,70
16,2024-01-29,7.6,94,0.0,58
16,2024-01-30,22.2,96,4.9,35
16,2024-01-31,4.8,83,0.0,73
16,2024-02-01,9.6,95,0.0,97
16,2024-02-02,7.9,64,0.0,10
16,2024-02-03,8.1,97,0.0,75
16,2024-02-04,7.0,62,4.9,51
16,2024-02-05,9.1,60,0.0,39
16,2024-02-06,5.6,74,0.0,90
16,2024-02-07,18.8,68,0.0,98
16,2024-02-08,-1.2,74,0.0,59
16,2024-02-09,13.0,66,0.0,61
16,2024-02-10,9.0,62,0.0,32
16,2024-02-11,12.1,53,0.0,99
16,2024-02-12,12.4,66,0.0,13
16,2024-02-13,13.4,63,0.0,39
16,2024-02-14,5.9,83,0.0,97
16,2024-02-15,7.8,55,0.0,29
16,2024-02-16,14.0,62,0.0,2
16,2024-02-17,10.4,86,2.7,94
16,2024-02-18,11.9,82,0.0,80
16,2024-02-19,12.6,68,0.0,55
16,2024-02-20,5.3,80,0.0,1
16,2024-02-21,6.1,56,1.4,82
16,2024-02-22,7.9,71,0.0,77
16,2024-02-23,8.1,76,9.2,4
16,2024-02-24,10.5,53,0.0,1
16,2024-02-25,3.8,57,0.0,79
16,2024-02-26,13.5,55,0.0,42
16,2024-02-27,8.8,50,0.0,13
16,2024-02-28,10.0,60,0.0,54
16,2024-02-29,5.7,97,9.5,70
16,2024-03-01,16.7,78,0.0,17
16,2024-03-02,29.2,53,0.0,22
16,2024-03-03,22.5,66,0.0,68
16,2024-03-04,26.4,93,0.0,4
16,2024-03-05,26.2,59,0.0,67
16,2024-03-06,26.5,51,0.0,55
16,2024-03-07,27.3,69,1.4,94
16,2024-03-08,26.4,65,0.6,31
16,2024-03-09,22.1,57,6.9,54
16,2024-03-10,24.1,52,0.0,94
16,2024-03-11,14.6,61,2.8,33
16,2024-03-12,21.2,67,0.0,27
16,2024-03-13,21.4,74,0.0,87
16,2024-03-14,29.7,91,0.0,23
16,2024-03-15,26.0,71,0.0,92
16,2024-03-16,14.8,76,0.0,13
16,2024-03-17,21.8,51,5.9,59
16,2024-03-18,19.0,94,0.0,19
16,2024-03-19,13.5,71,3.9,52
16,2024-03-20,21.9,61,0.0,99
16,2024-03-21,23.8,66,0.0,95
16,2024-03-22,26.9,88,0.0,10
16,2024-03-23,25.9,85,0.0,70
16,2024-03-24,16.6,56,5.8,71
16,2024-03-25,35.5,78,8.7,68
16,2024-03-26,27.7,56,0.0,38
16,2024-03-27,13.9,50,7.5,22
16,2024-03-28,25.5,84,5.6,74
16,2024-03-29,24.4,91,0.0,62
16,2024-03-30,28.2,81,1.1,6
16,2024-03-31,24.6,60,0.0,63
16,2024-04-01,24.0,67,0.0,5
16,2024-04-02,27.2,74,0.0,68
16,2024-04-03,18.0,94,0.0,49
16,2024-04-04,22.6,50,0.0,10
16,2024-04-05,19.5,73,0.0,32
16,2024-04-06,27.7,54,0.0,70
16,2024-04-07,13.7,89,0.0,16
16,2024-04-08,25.7,95,5.1,99
16,2024-04-09,28.1,93,0.0,32
16,2024-04-10,16.8,55,0.0,21
16,2024-04-11,26.8,58,0.0,3
16,2024-04-12,22.4,54,5.2,45
16,2024-04-13,29.0,94,0.0,33
16,2024-04-14,19.9,81,0.0,42
16,2024-04-15,17.9,95,6.0,34
16,2024-04-16,16.9,90,0.0,11
16,2024-04-17,17.6,99,9.9,52
16,2024-04-18,19.4,61,0.0,83
16,2024-04-19,24.0,72,0.0,5
16,2024-04-20,21.9,99,0.0,60
16,2024-04-21,20.2,87,0.0,21
16,2024-04-22,17.1,50,0.0,50
16,2024-04-23,14.5,69,3.6,80
16,2024-04-24,29.0,89,3.7,10
16,2024-04-25,25.1,79,6.9,76
16,2024-04-26,26.2,94,0.0,87
16,2024-04-27,17.2,96,0.0,20
16,2024-04-28,26.0,62,0.0,3
16,2024-04-29,24.8,85,0.0,29
16,2024-04-30,17.3,84,0.0,2
16,2024-05-01,26.1,82,0.0,80
16,2024-05-02,18.3,75,0.0,91
16,2024-05-03,29.4,74,6.2,53
16,2024-05-04,22.7,70,0.0,41
16,2024-05-05,23.1,76,0.0,80
16,2024-05-06,24.7,52,8.6,8
16,2024-05-07,29.8,94,0.0,69
16,2024-05-08,22.2,70,0.0,72
16,2024-05-09,21.6,82,0.0,33
16,2024-05-10,16.0,60,4.6,44
16,2024-05-11,26.5,97,0.0,81
16,2024-05-12,27.2,71,0.0,44
16,2024-05-13,21.4,93,0.0,62
16,2024-05-14,30.7,68,0.0,30
16,2024-05-15,26.5,67,0.0,93
16,2024-05-16,17.4,50,0.0,57
16,2024-05-17,15.1,77,9.9,10
16,2024-05-18,23.6,67,0.0,40
16,2024-05-19,31.5,95,0.0,27
16,2024-05-20,23.6,87,0.0,65
16,2024-05-21,17.0,76,0.0,11
16,2024-05-22,28.9,88,0.0,75
16,2024-05-23,27.3,84,0.0,38
16,2024-05-24,22.8,66,2.5,12
16,2024-05-25,30.4,59,0.0,16
16,2024-05-26,19.4,66,0.0,59
16,2024-05-27,22.6,63,0.0,18
16,2024-05-28,32.6,95,0.0,1
16,2024-05-29,35.9,87,0.0,33
16,2024-05-30,23.5,72,0.0,29
16,2024-05-31,24.1,65,3.6,43
17,2024-01-01,17.2,51,0.0,0
17,2024-01-02,4.6,92,0.0,95
17,2024-01-03,-2.0,91,2.1,92
17,2024-01-04,6.3,87,0.0,62
17,2024-01-05,16.3,75,0.0,36
17,2024-01-06,4.0,94,0.0,35
17,2024-01-07,13.6,72,1.9,48
17,2024-01-08,2.7,93,0.0,92
17,2024-01-09,9.0,88,0.0,62
17,2024-01-10,0.5,50,0.0,30
17,2024-01-11,8.8,95,0.0,92
17,2024-01-12,7.5,57,3.4,40
17,2024-01-13,11.4,72,0.0,68
17,2024-01-14,8.0,90,0.0,50
17,2024-01-15,9.3,64,0.0,82
17,2024-01-16,17.0,51,5.7,61
17,2024-01-17,0.4,83,0.0,18
17,2024-01-18,11.1,80,1.7,81
17,2024-01-19,7.4,86,0.0,34
17,2024-01-20,9.4,52,0.0,75
17,2024-01-21,12.8,81,8.5,65
17,2024-01-22,11.2,88,0.0,8
17,2024-01-23,6.3,86,1.4,14
17,2024-01-24,-0.8,55,0.0,22
17,2024-01-25,12.3,76,0.0,3
17,2024-01-26,13.1,94,3.8,4
17,2024-01-27,7.5,91,0.0,67
17,2024-01-28,9.7,94,2.9,16
17,2024-01-29,8.8,66,0.0,35
17,2024-01-30,9.0,60,0.0,86
17,2024-01-31,-0.5,76,2.3,62
17,2024-02-01,10.8,88,0.0,58
17,2024-02-02,5.9,88,0.0,19
17,2024-02-03,10.2,53,0.0,2
17,2024-02-04,10.4,91,7.3,99
17,2024-02-05,17.3,62,5.0,31
17,2024-02-06,5.5,64,7.1,86
17,2024-02-07,9.7,76,0.0,42
17,2024-02-08,10.1,53,0.0,85
17,2024-02-09,10.1,69,0.0,43
17,2024-02-10,1.4,51,0.0,52
17,2024-02-11,6.9,57,0.0,2
17,2024-02-12,10.0,84,1.9,71
17,2024-02-13,9.6,82,0.0,4
17,2024-02-14,1.6,86,4.1,65
17,2024-02-15,6.3,69,0.0,3
17,2024-02-16,10.7,68,0.0,34
17,2024-02-17,2.4,90,0.0,47
17,2024-02-18,15.4,99,4.7,23
17,2024-02-19,9.9,78,0.0,23
17,2024-02-20,3.0,83,0.0,10
17,2024-02-21,9.8,99,0.0,9
17,2024-02-22,6.1,84,0.0,44
17,2024-02-23,3.0,75,0.0,60
17,2024-02-24,9.9,60,0.0,3
17,2024-02-25,3.1,98,0.0,43
17,2024-02-26,15.8,74,0.0,26
17,2024-02-27,18.1,59,0.0,4
17,2024-02-28,6.4,97,0.0,35
17,2024-02-29,13.7,85,0.0,0
17,2024-03-01,16.0,68,0.0,14
17,2024-03-02,27.8,50,7.9,43
17,2024-03-03,28.2,55,0.0,55
17,2024-03-04,27.4,90,9.7,12
17,2024-03-05,20.8,95,6.1,11
17,2024-03-06,15.6,92,6.9,66
17,2024-03-07,18.4,67,0.0,6
17,2024-03-08,25.2,93,0.0,69
17,2024-03-09,37.9,70,0.8,65
17,2024-03-10,18.7,68,0.0,97
17,2024-03-11,28.4,64,9.5,39
17,2024-03-12,21.7,80,6.0,55
17,2024-03-13,28.6,99,0.0,62
17,2024-03-14,28.8,50,0.0,56
17,2024-03-15,18.7,81,4.6,25
17,2024-03-16,19.3,58,0.0,7
17,2024-03-17,29.3,69,0.0,6
17,2024-03-18,25.4,81,5.7,60
17,2024-03-19,28.0,79,5.6,35
17,2024-03-20,21.5,75,0.0,93
17,2024-03-21,24.1,53,0.0,43
17,2024-03-22,28.6,53,6.6,28
17,2024-03-23,28.1,87,0.0,71
17,2024-03-24,26.4,59,4.1,94
17,2024-03-25,27.5,58,0.0,69
17,2024-03-26,29.2,75,0.0,36
17,2024-03-27,21.0,69,7.9,8
17,2024-03-28,12.3,82,5.2,25
17,2024-03-29,21.2,83,8.0,45
17,2024-03-30,11.7,65,0.6,74
17,2024-03-31,14.1,92,0.0,51
17,2024-04-01,27.4,96,0.0,70
17,2024-04-02,22.9,81,0.0,68
17,2024-04-03,17.1,92,0.0,15
17,2024-04-04,27.9,50,0.0,37
17,2024-04-05,22.0,95,0.0,13
17,2024-04-06,20.2,79,1.4,80
17,2024-04-07,31.4,57,0.0,65
17,2024-04-08,16.4,52,9.4,12
17,2024-04-09,15.4,54,1.0,75
17,2024-04-10,21.6,65,5.1,2
17,2024-04-11,19.9,95,1.9,18
17,2024-04-12,18.1,89,0.0,19
17,2024-04-13,17.9,64,0.0,35
17,2024-04-14,23.1,66,0.0,34
17,2024-04-15,35.7,54,0.0,18
17,2024-04-16,23.7,70,0.0,45
17,2024-04-17,24.7,82,0.0,24
17,2024-04-18,19.4,68,0.0,82
17,2024-04-19,23.1,76,0.0,95
17,2024-04-20,18.0,59,0.0,4
17,2024-04-21,21.8,63,0.0,53
17,2024-04-22,21.7,78,1.0,47
17,2024-04-23,23.3,51,3.1,20
17,2024-04-24,16.7,56,0.0,83
17,2024-04-25,32.9,87,7.5,57
17,2024-04-26,23.0,84,0.0,25
17,2024-04-27,26.5,96,9.9,17
17,2024-04-28,26.3,71,3.2,50
17,2024-04-29,16.3,73,6.3,65
17,2024-04-30,20.5,50,0.0,35
17,2024-05-01,23.4,73,0.0,29
17,2024-05-02,28.8,76,0.0,83
17,2024-05-03,27.7,78,0.0,32
17,2024-05-04,20.1,68,0.0,54
17,2024-05-05,23.9,86,0.0,97
17,2024-05-06,14.0,85,0.0,70
17,2024-05-07,13.8,78,0.2,89
17,2024-05-08,20.4,67,0.0,16
17,2024-05-09,12.3,99,0.0,87
17,2024-05-10,15.6,79,9.2,15
17,2024-05-11,20.9,99,0.0,13
17,2024-05-12,25.7,62,8.3,69
17,2024-05-13,17.9,96,0.0,1
17,2024-05-14,16.6,96,6.6,21
17,2024-05-15,19.3,55,0.0,44
17,2024-05-16,18.3,77,0.0,15
17,2024-05-17,21.9,95,0.0,44
17,2024-05-18,22.7,83,0.0,93
17,2024-05-19,22.3,72,0.0,9
17,2024-05-20,24.7,85,0.0,29
17,2024-05-21,15.6,72,0.0,51
17,2024-05-22,14.8,76,0.0,96
17,2024-05-23,30.3,65,0.0,99
17,2024-05-24,18.6,77,6.7,10
17,2024-05-25,22.5,71,7.7,70
17,2024-05-26,19.2,64,5.8,8
17,2024-05-27,17.8,89,0.0,80
17,2024-05-28,16.0,81,8.4,76
17,2024-05-29,27.0,58,6.9,63
17,2024-05-30,26.5,69,0.0,8
17,2024-05-31,29.1,78,0.0,36
18,2024-01-01,8.3,81,0.0,32
18,2024-01-02,9.8,54,0.0,59
18,2024-01-03,-3.9,74,0.0,52
18,2024-01-04,-6.9,79,0.0,72
18,2024-01-05,7.7,88,0.0,27
18,2024-01-06,7.9,87,3.9,59
18,2024-01-07,7.0,95,0.0,87
18,2024-01-08,3.4,64,1.3,35
18,2024-01-09,3.2,89,9.9,64
18,2024-01-10,-3.2,50,9.9,21
18,2024-01-11,5.5,98,0.0,71
18,2024-01-12,4.3,71,0.0,59
18,2024-01-13,0.4,89,0.0,71
18,2024-01-14,5.8,58,0.0,77
18,2024-01-15,3.9,74,0.0,78
18,2024-01-16,-0.0,64,0.7,42
18,2024-01-17,5.2,83,0.0,45
18,2024-01-18,2.2,92,4.1,78
18,2024-01-19,3.5,85,0.0,67
18,2024-01-20,10.4,80,0.0,97
18,2024-01-21,8.2,92,3.1,37
18,2024-01-22,5.0,77,0.0,45
18,2024-01-23,0.1,51,0.0,10
18,2024-01-24,4.4,68,0.0,71
18,2024-01-25,-0.9,77,0.0,55
18,2024-01-26,4.5,58,0.0,82
18,2024-01-27,4.9,88,0.0,32
18,2024-01-28,4.1,89,5.0,12
18,2024-01-29,-0.3,55,0.7,49
18,2024-01-30,9.8,83,0.0,82
18,2024-01-31,-0.6,77,2.9,19
18,2024-02-01,-2.8,65,0.0,37
18,2024-02-02,-10.0,67,0.0,47
18,2024-02-03,8.4,50,9.5,72
18,2024-02-04,9.5,92,0.0,79
18,2024-02-05,2.5,97,0.0,64
18,2024-02-06,7.8,76,7.5,34
18,2024-02-07,1.2,69,2.3,83
18,2024-02-08,0.6,59,0.0,89
18,2024-02-09,-5.4,72,0.0,43
18,2024-02-10,-3.4,84,0.0,60
18,2024-02-11,1.1,51,0.0,73
18,2024-02-12,4.7,61,0.0,74
18,2024-02-13,-9.3,68,4.2,38
18,2024-02-14,13.5,82,0.0,68
18,2024-02-15,2.5,75,3.6,69
18,2024-02-16,4.0,90,0.0,99
18,2024-02-17,4.3,72,5.4,27
18,2024-02-18,7.1,66,9.3,85
18,2024-02-19,8.3,89,0.0,71
18,2024-02-20,2.7,75,0.0,82
18,2024-02-21,4.5,84,0.0,65
18,2024-02-22,-7.2,87,8.2,31
18,2024-02-23,5.0,58,9.5,91
18,2024-02-24,3.5,59,7.9,84
18,2024-02-25,12.9,71,2.6,45
18,2024-02-26,0.7,64,0.0,23
18,2024-02-27,7.5,77,0.0,90
18,2024-02-28,-2.2,52,9.3,13
18,2024-02-29,7.9,87,0.0,43
18,2024-03-01,17.9,70,0.0,83
18,2024-03-02,20.4,55,0.0,2
18,2024-03-03,18.8,88,4.7,57
18,2024-03-04,26.7,84,0.0,54
18,2024-03-05,17.4,67,0.0,54
18,2024-03-06,27.7,52,0.0,16
18,2024-03-07,22.7,99,0.0,17
18,2024-03-08,25.4,61,0.0,94
18,2024-03-09,22.1,67,0.0,2
18,2024-03-10,21.0,90,2.9,47
18,2024-03-11,20.2,89,0.0,93
18,2024-03-12,24.5,57,0.0,1
18,2024-03-13,13.2,71,0.0,42
18,2024-03-14,24.7,76,0.0,39
18,2024-03-15,20.1,61,0.0,77
18,2024-03-16,24.1,92,0.0,37
18,2024-03-17,21.0,81,2.8,64
18,2024-03-18,22.6,51,0.0,34
18,2024-03-19,14.3,78,4.9,81
18,2024-03-20,22.2,74,0.0,18
18,2024-03-21,26.0,60,0.0,69
18,2024-03-22,19.4,80,0.0,67
18,2024-03-23,10.2,93,3.3,65
18,2024-03-24,22.0,54,3.6,80
18,2024-03-25,17.3,55,0.0,57
18,2024-03-26,11.5,68,0.0,50
18,2024-03-27,16.0,66,0.0,10
18,2024-03-28,26.5,53,0.0,76
18,2024-03-29,21.5,59,6.3,83
18,2024-03-30,13.5,82,2.0,81
18,2024-03-31,16.0,55,5.8,79
18,2024-04-01,27.9,83,0.0,42
18,2024-04-02,16.8,89,0.0,15
18,2024-04-03,12.4,64,0.0,89
18,2024-04-04,16.7,56,3.8,79
18,2024-04-05,11.2,68,7.8,88
18,2024-04-06,15.4,61,0.0,20
18,2024-04-07,11.3,77,0.0,16
18,2024-04-08,18.1,88,1.4,89
18,2024-04-09,27.4,53,0.0,82
18,2024-04-10,21.8,62,0.0,55
18,2024-04-11,25.6,93,0.0,8
18,2024-04-12,23.1,75,7.8,80
18,2024-04-13,25.2,65,0.0,87
18,2024-04-14,27.5,93,4.1,40
18,2024-04-15,14.8,62,0.0,14
18,2024-04-16,23.7,73,0.0,52
18,2024-04-17,19.5,78,0.0,23
18,2024-04-18,29.0,99,0.0,7
18,2024-04-19,22.3,88,0.0,56
18,2024-04-20,14.1,70,0.0,32
18,2024-04-21,19.5,93,4.2,91
18,2024-04-22,19.4,78,0.0,42
18,2024-04-23,20.7,80,0.0,93
18,2024-04-24,18.0,57,0.0,3
18,2024-04-25,19.2,77,6.5,73
18,2024-04-26,20.9,53,4.6,19
18,2024-04-27,18.7,64,4.6,55
18,2024-04-28,19.9,68,0.0,13
18,2024-04-29,17.9,84,0.0,17
18,2024-04-30,20.2,62,0.0,68
18,2024-05-01,13.1,90,0.0,99
18,2024-05-02,17.6,73,0.3,76
18,2024-05-03,19.2,81,0.0,60
18,2024-05-04,22.0,58,0.0,98
18,2024-05-05,24.3,72,0.0,2
18,2024-05-06,15.4,97,0.0,8
18,2024-05-07,27.6,72,0.0,37
18,2024-05-08,22.8,89,0.0,68
18,2024-05-09,14.4,89,3.8,21
18,2024-05-10,18.4,79,9.4,31
18,2024-05-11,14.4,62,0.0,87
18,2024-05-12,19.7,89,6.0,69
18,2024-05-13,6.9,50,0.0,76
18,2024-05-14,20.0,58,0.0,36
18,2024-05-15,22.6,60,0.0,66
18,2024-05-16,17.7,88,0.0,29
18,2024-05-17,16.9,76,0.0,96
18,2024-05-18,27.3,68,0.0,85
18,2024-05-19,15.7,51,3.1,44
18,2024-05-20,16.7,76,0.0,43
18,2024-05-21,17.3,89,8.1,44
18,2024-05-22,30.3,71,0.0,64
18,2024-05-23,19.5,64,0.0,90
18,2024-05-24,26.5,55,0.0,66
18,2024-05-25,15.7,60,0.0,37
18,2024-05-26,27.5,93,0.0,6
18,2024-05-27,18.7,72,0.0,52
18,2024-05-28,15.0,65,0.0,84
18,2024-05-29,16.3,56,0.0,66
18,2024-05-30,20.2,69,0.0,56
18,2024-05-31,9.4,97,0.3,40
19,2024-01-01,6.1,62,0.0,12
19,2024-01-02,-3.9,92,0.0,30
19,2024-01-03,7.9,73,6.4,29
19,2024-01-04,8.8,79,0.9,43
19,2024-01-05,4.9,80,4.3,92
19,2024-01-06,11.5,58,0.0,28
19,2024-01-07,5.1,97,0.0,14
19,2024-01-08,5.1,87,0.0,38
19,2024-01-09,0.5,83,0.0,75
19,2024-01-10,9.1,84,0.0,45
19,2024-01-11,10.6,62,0.0,24
19,2024-01-12,5.6,60,0.0,36
19,2024-01-13,-7.3,80,0.0,3
19,2024-01-14,3.2,69,0.5,51
19,2024-01-15,3.6,69,1.5,82
19,2024-01-16,3.5,88,0.0,87
19,2024-01-17,-1.8,88,0.0,68
19,2024-01-18,7.9,65,0.0,43
19,2024-01-19,8.0,88,0.0,66
19,2024-01-20,0.4,92,2.2,33
19,2024-01-21,13.7,73,0.0,14
19,2024-01-22,8.1,89,0.0,23
19,2024-01-23,6.0,57,0.0,10
19,2024-01-24,9.8,87,5.4,88
19,2024-01-25,4.9,56,0.0,73
19,2024-01-26,2.6,90,0.0,98
19,2024-01-27,1.8,90,5.2,57
19,2024-01-28,9.4,51,0.0,28
19,2024-01-29,10.8,96,0.0,58
19,2024-01-30,5.9,51,4.7,74
19,2024-01-31,13.2,60,0.0,28
19,2024-02-01,3.3,74,4.7,84
19,2024-02-02,3.8,64,0.0,20
19,2024-02-03,5.6,96,6.1,3
19,2024-02-04,7.3,57,0.3,8
19,2024-02-05,3.5,89,0.0,61
19,2024-02-06,9.3,80,0.0,26
19,2024-02-07,2.8,86,0.0,35
19,2024-02-08,-3.5,51,0.0,11
19,2024-02-09,9.7,77,0.0,47
19,2024-02-10,-1.6,58,0.0,20
19,2024-02-11,6.3,72,3.3,87
19,2024-02-12,-1.0,75,0.0,25
19,2024-02-13,2.3,62,0.0,89
19,2024-02-14,-3.1,73,0.0,80
19,2024-02-15,5.5,55,0.0,34
19,2024-02-16,11.0,56,6.4,61
19,2024-02-17,2.9,61,0.0,13
19,2024-02-18,10.1,57,0.0,25
19,2024-02-19,0.3,63,0.0,61
19,2024-02-20,-4.4,57,7.1,31
19,2024-02-21,-6.9,59,4.6,69
19,2024-02-22,10.7,90,0.0,37
19,2024-02-23,5.1,94,0.0,55
19,2024-02-24,4.0,67,0.0,90
19,2024-02-25,8.8,96,0.0,56
19,2024-02-26,-4.5,56,3.3,74
19,2024-02-27,-2.6,66,0.0,34
19,2024-02-28,1.4,98,4.4,35
19,2024-02-29,5.9,81,6.1,64
19,2024-03-01,22.5,92,0.0,0
19,2024-03-02,16.9,94,0.0,65
19,2024-03-03,15.3,93,2.6,34
19,2024-03-04,24.8,99,0.0,20
19,2024-03-05,23.9,68,0.7,67
19,2024-03-06,18.1,85,0.0,89
19,2024-03-07,8.9,91,0.0,13
19,2024-03-08,21.3,98,0.0,17
19,2024-03-09,21.1,61,2.5,81
19,2024-03-10,17.5,58,0.0,20
19,2024-03-11,19.1,82,4.6,90
19,2024-03-12,21.0,87,0.0,39
19,2024-03-13,16.3,71,0.0,87
19,2024-03-14,21.2,70,1.2,91
19,2024-03-15,31.8,93,0.0,58
19,2024-03-16,15.2,87,2.0,64
19,2024-03-17,7.5,53,0.0,81
19,2024-03-18,26.7,64,5.5,65
19,2024-03-19,16.8,69,0.0,78
19,2024-03-20,16.2,82,6.3,21
19,2024-03-21,14.3,87,0.0,18
19,2024-03-22,21.1,83,0.0,25
19,2024-03-23,16.8,54,0.0,69
19,2024-03-24,9.2,99,2.1,73
19,2024-03-25,23.5,68,0.0,85
19,2024-03-26,16.8,62,0.0,97
19,2024-03-27,24.4,88,2.7,13
19,2024-03-28,24.7,89,9.8,55
19,2024-03-29,24.3,76,0.0,39
19,2024-03-30,27.4,92,0.0,96
19,2024-03-31,15.9,94,0.0,12
19,2024-04-01,23.2,94,9.6,11
19,2024-04-02,23.7,77,0.0,37
19,2024-04-03,15.9,78,0.0,94
19,2024-04-04,26.9,92,3.7,93
19,2024-04-05,21.0,57,1.3,56
19,2024-04-06,13.5,76,0.0,73
19,2024-04-07,19.8,68,9.8,79
19,2024-04-08,19.7,87,0.0,19
19,2024-04-09,26.0,51,0.0,90
19,2024-04-10,26.7,76,0.0,54
19,2024-04-11,23.7,71,8.5,77
19,2024-04-12,20.5,87,0.0,24
19,2024-04-13,19.1,75,7.1,16
19,2024-04-14,17.7,82,2.0,30
19,2024-04-15,20.4,51,0.0,91
19,2024-04-16,25.8,62,0.0,39
19,2024-04-17,16.5,80,0.0,70
19,2024-04-18,27.1,78,0.0,21
19,2024-04-19,15.4,78,0.0,86
19,2024-04-20,26.4,89,7.0,97
19,2024-04-21,18.0,56,0.0,63
19,2024-04-22,21.2,69,0.0,39
19,2024-04-23,18.4,84,0.0,0
19,2024-04-24,18.9,84,0.0,47
19,2024-04-25,19.8,53,0.0,32
19,2024-04-26,11.2,84,0.0,11
19,2024-04-27,25.1,73,0.0,41
19,2024-04-28,30.2,84,1.7,92
19,2024-04-29,19.2,99,6.8,81
19,2024-04-30,16.9,77,2.8,68
19,2024-05-01,22.2,50,0.0,58
19,2024-05-02,14.0,65,0.0,15
19,2024-05-03,22.0,85,1.0,18
19,2024-05-04,17.3,56,0.0,40
19,2024-05-05,24.4,87,0.0,48
19,2024-05-06,14.0,63,0.0,4
19,2024-05-07,31.7,69,0.0,67
19,2024-05-08,18.5,60,0.0,53
19,2024-05-09,26.9,65,0.0,46
19,2024-05-10,25.3,63,1.8,57
19,2024-05-11,20.3,71,0.0,44
19,2024-05-12,15.3,89,0.0,75
19,2024-05-13,18.8,91,0.0,32
19,2024-05-14,14.0,89,0.0,76
19,2024-05-15,18.3,68,0.0,8
19,2024-05-16,23.4,81,8.2,28
19,2024-05-17,16.9,63,8.9,68
19,2024-05-18,17.3,81,0.0,44
19,2024-05-19,24.4,68,1.0,6
19,2024-05-20,28.2,53,0.0,56
19,2024-05-21,21.5,53,0.0,17
19,2024-05-22,17.7,76,0.0,34
19,2024-05-23,13.0,69,0.0,72
19,2024-05-24,14.3,55,0.0,63
19,2024-05-25,22.9,64,3.2,80
19,2024-05-26,18.7,84,0.0,16
19,2024-05-27,23.3,65,0.0,90
19,2024-05-28,19.7,90,0.0,48
19,2024-05-29,22.4,62,0.0,38
19,2024-05-30,17.1,51,9.8,51
19,2024-05-31,27.9,89,0.0,57
20,2024-01-01,19.3,85,0.0,29
20,2024-01-02,13.4,81,0.0,88
20,2024-01-03,11.9,72,0.0,31
20,2024-01-04,11.9,92,0.0,6
20,2024-01-05,14.8,90,9.4,82
20,2024-01-06,4.5,82,0.0,76
20,2024-01-07,7.4,71,0.0,9
20,2024-01-08,10.9,80,0.0,62
20,2024-01-09,8.9,63,0.0,66
20,2024-01-10,16.2,59,7.5,3
20,2024-01-11,10.9,68,0.0,0
20,2024-01-12,13.2,75,8.0,14
20,2024-01-13,12.1,93,0.0,80
20,2024-01-14,22.3,95,0.0,40
20,2024-01-15,10.8,89,5.9,94
20,2024-01-16,14.0,58,0.0,94
20,2024-01-17,9.4,93,0.0,5
20,2024-01-18,11.7,56,9.1,83
20,2024-01-19,6.8,81,0.0,34
20,2024-01-20,2.3,82,8.1,10
20,2024-01-21,14.8,90,0.0,43
20,2024-01-22,17.9,69,8.9,60
20,2024-01-23,11.2,54,0.0,89
20,2024-01-24,8.9,60,4.3,60
20,2024-01-25,13.0,76,4.7,33
20,2024-01-26,5.6,73,0.0,58
20,2024-01-27,7.3,63,0.0,79
20,2024-01-28,15.8,94,0.0,61
20,2024-01-29,20.0,83,5.2,27
20,2024-01-30,4.9,93,0.0,70
20,2024-01-31,14.1,83,0.0,43
20,2024-02-01,10.8,80,0.0,60
20,2024-02-02,8.1,51,6.5,71
20,2024-02-03,22.7,84,0.0,62
20,2024-02-04,12.0,54,0.0,66
20,2024-02-05,18.3,84,0.0,47
20,2024-02-06,8.4,81,0.0,5
20,2024-02-07,9.0,77,0.0,11
20,2024-02-08,17.3,77,0.0,79
20,2024-02-09,9.7,88,0.0,61
20,2024-02-10,4.5,72,0.0,88
20,2024-02-11,23.4,68,0.0,92
20,2024-02-12,21.0,90,0.0,55
20,2024-02-13,13.4,64,6.3,13
20,2024-02-14,17.2,56,0.0,50
20,2024-02-15,17.9,75,0.0,99
20,2024-02-16,16.1,68,0.0,77
20,2024-02-17,7.8,87,0.0,21
20,2024-02-18,14.1,56,0.0,80
20,2024-02-19,14.4,77,0.0,82
20,2024-02-20,10.6,94,0.0,75
20,2024-02-21,17.4,87,0.0,25
20,2024-02-22,18.4,60,0.0,94
20,2024-02-23,5.4,92,1.9,44
20,2024-02-24,11.4,63,0.0,10
20,2024-02-25,10.2,81,0.0,8
20,2024-02-26,20.2,89,0.0,60
20,2024-02-27,17.0,85,0.0,46
20,2024-02-28,17.5,53,0.0,19
20,2024-02-29,14.0,73,0.0,4
20,2024-03-01,29.6,72,3.8,31
20,2024-03-02,21.9,99,0.0,32
20,2024-03-03,26.4,76,0.0,88
20,2024-03-04,33.9,89,8.5,47
20,2024-03-05,19.8,60,0.0,78
20,2024-03-06,16.3,79,0.0,43
20,2024-03-07,31.4,96,0.0,44
20,2024-03-08,21.9,59,0.0,59
20,2024-03-09,25.5,58,0.0,12
20,2024-03-10,28.1,75,0.0,70
20,2024-03-11,21.7,90,0.0,17
20,2024-03-12,31.1,57,3.1,73
20,2024-03-13,22.1,92,5.8,25
20,2024-03-14,29.0,90,9.0,95
20,2024-03-15,40.7,68,0.0,5
20,2024-03-16,20.6,88,0.0,81
20,2024-03-17,30.6,81,0.0,64
20,2024-03-18,27.8,86,1.5,40
20,2024-03-19,30.2,69,0.0,27
20,2024-03-20,30.6,84,0.0,78
20,2024-03-21,27.5,78,0.0,61
20,2024-03-22,27.8,81,0.0,15
20,2024-03-23,25.4,53,0.0,4
20,2024-03-24,29.0,93,0.0,8
20,2024-03-25,31.1,56,0.0,97
20,2024-03-26,33.4,81,0.0,1
20,2024-03-27,32.8,91,0.0,32
20,2024-03-28,20.6,54,0.2,26
20,2024-03-29,31.0,72,0.0,41
20,2024-03-30,27.0,55,0.0,13
20,2024-03-31,30.5,90,0.0,40
20,2024-04-01,23.9,97,0.0,96
20,2024-04-02,26.8,69,0.0,85
20,2024-04-03,30.2,93,3.5,69
20,2024-04-04,33.2,90,0.0,60
20,2024-04-05,27.4,98,0.0,79
20,2024-04-06,21.3,53,0.0,16
20,2024-04-07,27.7,58,0.0,94
20,2024-04-08,26.0,79,4.3,3
20,2024-04-09,37.4,81,9.1,49
20,2024-04-10,25.0,73,0.0,83
20,2024-04-11,29.5,80,0.0,45
20,2024-04-12,29.7,83,8.1,30
20,2024-04-13,29.2,56,3.7,65
20,2024-04-14,23.2,95,0.0,22
20,2024-04-15,27.2,72,0.0,42
20,2024-04-16,40.7,76,6.6,25
20,2024-04-17,28.9,60,0.0,48
20,2024-04-18,22.5,66,0.0,22
20,2024-04-19,28.3,59,0.0,75
20,2024-04-20,21.6,88,0.0,97
20,2024-04-21,28.6,50,5.8,5
20,2024-04-22,30.0,58,4.0,97
20,2024-04-23,20.4,68,9.8,20
20,2024-04-24,26.3,77,9.6,6
20,2024-04-25,26.4,62,1.5,54
20,2024-04-26,21.7,72,0.0,1
20,2024-04-27,28.6,57,0.0,64
20,2024-04-28,26.2,84,0.0,76
20,2024-04-29,29.7,89,0.0,36
20,2024-04-30,25.7,67,0.0,95
20,2024-05-01,32.9,94,8.5,55
20,2024-05-02,24.0,96,3.1,30
20,2024-05-03,35.9,55,0.0,4
20,2024-05-04,28.2,87,0.0,7
20,2024-05-05,25.5,69,2.6,57
20,2024-05-06,32.3,51,0.0,67
20,2024-05-07,28.2,93,6.6,94
20,2024-05-08,24.8,78,8.5,27
20,2024-05-09,21.9,85,2.7,73
20,2024-05-10,35.4,54,0.0,79
20,2024-05-11,28.1,89,0.0,33
20,2024-05-12,25.7,99,0.0,83
20,2024-05-13,26.9,51,0.0,38
20,2024-05-14,31.3,59,5.8,99
20,2024-05-15,27.6,88,0.0,11
20,2024-05-16,20.2,78,6.0,22
20,2024-05-17,18.6,95,5.6,81
20,2024-05-18,28.8,96,0.0,81
20,2024-05-19,21.8,68,0.0,74
20,2024-05-20,30.4,62,5.8,42
20,2024-05-21,32.5,81,0.0,43
20,2024-05-22,18.9,68,0.0,97
20,2024-05-23,33.5,86,0.0,62
20,2024-05-24,28.7,93,0.0,24
20,2024-05-25,18.7,70,0.0,18
20,2024-05-26,30.0,85,0.0,57
20,2024-05-27,21.5,90,3.0,80
20,2024-05-28,32.7,66,0.9,48
20,2024-05-29,29.0,67,0.0,21
20,2024-05-30,28.4,61,0.0,5
20,2024-05-31,22.3,58,0.0,35
